-- MySQL dump 10.13  Distrib 8.0.23, for Linux (x86_64)
--
-- Host: mysql-leadproyecto-do-user-9099347-0.b.db.ondigitalocean.com    Database: defaultdb
-- ------------------------------------------------------
-- Server version	8.0.23

/*!40101 SET @OLD_CHARACTER_SET_CLIENT=@@CHARACTER_SET_CLIENT */;
/*!40101 SET @OLD_CHARACTER_SET_RESULTS=@@CHARACTER_SET_RESULTS */;
/*!40101 SET @OLD_COLLATION_CONNECTION=@@COLLATION_CONNECTION */;
/*!50503 SET NAMES utf8mb4 */;
/*!40103 SET @OLD_TIME_ZONE=@@TIME_ZONE */;
/*!40103 SET TIME_ZONE='+00:00' */;
/*!40014 SET @OLD_UNIQUE_CHECKS=@@UNIQUE_CHECKS, UNIQUE_CHECKS=0 */;
/*!40014 SET @OLD_FOREIGN_KEY_CHECKS=@@FOREIGN_KEY_CHECKS, FOREIGN_KEY_CHECKS=0 */;
/*!40101 SET @OLD_SQL_MODE=@@SQL_MODE, SQL_MODE='NO_AUTO_VALUE_ON_ZERO' */;
/*!40111 SET @OLD_SQL_NOTES=@@SQL_NOTES, SQL_NOTES=0 */;
SET @MYSQLDUMP_TEMP_LOG_BIN = @@SESSION.SQL_LOG_BIN;
SET @@SESSION.SQL_LOG_BIN= 0;

--
-- GTID state at the beginning of the backup 
--

SET @@GLOBAL.GTID_PURGED=/*!80000 '+'*/ '53e180c1-9f8d-11eb-bb0e-224b0dba5bf0:1-4191';

--
-- Table structure for table `customers`
--

DROP TABLE IF EXISTS `customers`;
/*!40101 SET @saved_cs_client     = @@character_set_client */;
/*!50503 SET character_set_client = utf8mb4 */;
CREATE TABLE `customers` (
  `customer_id` int NOT NULL AUTO_INCREMENT,
  `customer_name` varchar(100) NOT NULL,
  `customer_lastname` varchar(100) NOT NULL,
  `customer_phone` varchar(100) DEFAULT NULL,
  `customer_email` varchar(100) DEFAULT NULL,
  PRIMARY KEY (`customer_id`)
) ENGINE=InnoDB AUTO_INCREMENT=1001 DEFAULT CHARSET=utf8mb4 COLLATE=utf8mb4_0900_ai_ci;
/*!40101 SET character_set_client = @saved_cs_client */;

--
-- Dumping data for table `customers`
--

LOCK TABLES `customers` WRITE;
/*!40000 ALTER TABLE `customers` DISABLE KEYS */;
INSERT INTO `customers` VALUES (1,'Rollo','Enns','408-286-4530','renns0@msn.com'),(2,'Banky','Sibbit','228-209-5972','bsibbit1@columbia.edu'),(3,'Kalina','Megany','102-389-3899','kmegany2@harvard.edu'),(4,'Janaye','Harston','205-365-6962','jharston3@ning.com'),(5,'Jephthah','Fosdyke','621-407-5925','jfosdyke4@cisco.com'),(6,'Nananne','Rraundl','212-956-0687','nrraundl5@guardian.co.uk'),(7,'Eileen','Redsall','956-785-0579','eredsall6@icq.com'),(8,'Diane','Lawdham','229-864-1188','dlawdham7@freewebs.com'),(9,'Fulvia','McConnell','562-712-3249','fmcconnell8@scientificamerican.com'),(10,'Harley','Senter','723-502-9069','hsenter9@joomla.org'),(11,'Robbin','Nowaczyk','200-185-8830','rnowaczyka@columbia.edu'),(12,'Drew','Woodroffe','612-555-5399','dwoodroffeb@smh.com.au'),(13,'Dalila','Aglione','307-818-0136','daglionec@shop-pro.jp'),(14,'Conrad','Vardon','842-669-8082','cvardond@yelp.com'),(15,'Cherilynn','Beringer','494-867-4855','cberingere@prlog.org'),(16,'Nonna','Edgeller','561-186-5677','nedgellerf@omniture.com'),(17,'Alistair','Schade','680-889-9746','aschadeg@census.gov'),(18,'Giacinta','Moss','531-289-1082','gmossh@ifeng.com'),(19,'Aloise','Kingswell','201-318-2764','akingswelli@globo.com'),(20,'Laure','Duester','528-410-4274','lduesterj@dyndns.org'),(21,'Theresa','Frankcomb','212-318-1185','tfrankcombk@skyrock.com'),(22,'Gauthier','Abbets','640-525-4942','gabbetsl@nature.com'),(23,'Joelle','China','313-758-2368','jchinam@bloglovin.com'),(24,'Arabela','Dowsey','824-331-9115','adowseyn@nytimes.com'),(25,'Cyndy','Raison','847-367-6207','craisono@nasa.gov'),(26,'Winnah','Seger','894-409-7796','wsegerp@illinois.edu'),(27,'Hubert','Scothorne','899-800-5146','hscothorneq@goo.ne.jp'),(28,'Carlina','Maruska','630-210-3689','cmaruskar@ebay.co.uk'),(29,'Dev','Haygreen','602-638-6421','dhaygreens@accuweather.com'),(30,'Ally','Seiter','663-797-4404','aseitert@topsy.com'),(31,'Shay','Heigho','979-406-5051','sheighou@freewebs.com'),(32,'Colline','Bendell','881-543-4406','cbendellv@livejournal.com'),(33,'Marlie','Durdle','146-260-6682','mdurdlew@ezinearticles.com'),(34,'Elsbeth','Mugford','264-301-3319','emugfordx@uol.com.br'),(35,'Flori','Grimsdyke','608-293-9343','fgrimsdykey@i2i.jp'),(36,'Britney','Larne','900-483-8635','blarnez@jiathis.com'),(37,'Kipp','Laying','595-637-4735','klaying10@rambler.ru'),(38,'Cornall','Handslip','840-662-7138','chandslip11@dropbox.com'),(39,'Friedrick','Gilkison','548-918-4985','fgilkison12@yellowbook.com'),(40,'Leandra','Newbury','591-450-1871','lnewbury13@tmall.com'),(41,'Leigh','Palek','910-950-2057','lpalek14@histats.com'),(42,'Julie','Olliver','306-661-0289','jolliver15@foxnews.com'),(43,'Bennie','Diment','711-857-9839','bdiment16@slideshare.net'),(44,'Gaye','Rossey','208-670-8884','grossey17@arstechnica.com'),(45,'Bearnard','Mithan','793-151-1908','bmithan18@free.fr'),(46,'Corie','Shuxsmith','281-455-6746','cshuxsmith19@usatoday.com'),(47,'Adoree','Troker','296-326-4864','atroker1a@dedecms.com'),(48,'Arel','Thebe','920-541-6048','athebe1b@ezinearticles.com'),(49,'Codie','Grafton','921-716-6805','cgrafton1c@archive.org'),(50,'Ruprecht','Gilffilland','937-417-7673','rgilffilland1d@fema.gov'),(51,'Kristin','Alexandrescu','521-569-3587','kalexandrescu1e@bloglovin.com'),(52,'Annmaria','Mullenger','766-543-0288','amullenger1f@diigo.com'),(53,'Gabbi','M\'Chirrie','401-883-9289','gmchirrie1g@buzzfeed.com'),(54,'Jess','Frankcombe','571-263-3832','jfrankcombe1h@cornell.edu'),(55,'Kiley','Rosin','581-931-2812','krosin1i@upenn.edu'),(56,'Filbert','Osgerby','503-802-2639','fosgerby1j@alibaba.com'),(57,'Cyril','Neville','668-791-6617','cneville1k@toplist.cz'),(58,'Terri','Mariner','539-775-6989','tmariner1l@sun.com'),(59,'Gan','Humes','874-808-9449','ghumes1m@nps.gov'),(60,'Rosette','Thunder','463-432-2608','rthunder1n@icio.us'),(61,'Will','Bruckental','432-597-6073','wbruckental1o@wordpress.org'),(62,'Dag','Shoute','866-294-9867','dshoute1p@europa.eu'),(63,'Lonny','Galfour','778-692-7545','lgalfour1q@people.com.cn'),(64,'Cariotta','Bees','787-848-4214','cbees1r@ca.gov'),(65,'Clem','Logsdail','897-592-1111','clogsdail1s@cisco.com'),(66,'Gabriell','Strainge','660-170-6690','gstrainge1t@canalblog.com'),(67,'Barny','Nann','979-206-0565','bnann1u@live.com'),(68,'Nanice','Althorpe','992-158-1332','nalthorpe1v@ustream.tv'),(69,'Latashia','Whitely','246-527-1001','lwhitely1w@techcrunch.com'),(70,'Kathryne','Stellin','542-910-5012','kstellin1x@nps.gov'),(71,'Ernst','Eyckelberg','814-754-2690','eeyckelberg1y@addthis.com'),(72,'Bren','Skule','152-504-3179','bskule1z@so-net.ne.jp'),(73,'Cheri','Itter','710-240-1557','citter20@zdnet.com'),(74,'Lammond','Hamley','226-896-6020','lhamley21@tinypic.com'),(75,'Nedda','Pirnie','873-194-1771','npirnie22@jimdo.com'),(76,'Jenifer','Tolomei','573-931-2292','jtolomei23@nyu.edu'),(77,'Lucien','Montacute','331-384-7751','lmontacute24@nydailynews.com'),(78,'Barry','Aggio','748-995-5298','baggio25@ocn.ne.jp'),(79,'Hermann','Malcolmson','125-748-5626','hmalcolmson26@moonfruit.com'),(80,'Delora','Breeton','205-303-6718','dbreeton27@wisc.edu'),(81,'Connor','Minchin','515-283-1739','cminchin28@usda.gov'),(82,'Abel','Pragnall','886-388-5311','apragnall29@japanpost.jp'),(83,'Graehme','Merwe','921-190-5647','gmerwe2a@yellowbook.com'),(84,'Lyell','Brownsall','711-580-2915','lbrownsall2b@yandex.ru'),(85,'Leonidas','Woolner','643-400-0578','lwoolner2c@cpanel.net'),(86,'Wallace','Pennicott','783-739-3767','wpennicott2d@sun.com'),(87,'Bibbie','Brosius','144-103-4338','bbrosius2e@clickbank.net'),(88,'Aindrea','Crennan','275-535-1265','acrennan2f@hc360.com'),(89,'Myles','Spraging','865-967-6826','mspraging2g@naver.com'),(90,'Twyla','De Moreno','132-976-6019','tdemoreno2h@sfgate.com'),(91,'Timofei','Robertacci','658-572-7151','trobertacci2i@smugmug.com'),(92,'West','Dunphy','853-623-3533','wdunphy2j@instagram.com'),(93,'Floyd','Farnish','298-968-1144','ffarnish2k@sogou.com'),(94,'Audrie','Ruilton','974-364-2576','aruilton2l@google.co.jp'),(95,'Howey','Rawson','548-399-9144','hrawson2m@theglobeandmail.com'),(96,'Laird','Dugald','387-887-2623','ldugald2n@diigo.com'),(97,'Winny','Reilly','205-932-4099','wreilly2o@slate.com'),(98,'Averell','Galliard','732-709-3362','agalliard2p@umich.edu'),(99,'Dru','Casperri','705-973-4785','dcasperri2q@google.ca'),(100,'Jaimie','Keal','941-764-9104','jkeal2r@github.io'),(101,'Nollie','Plumstead','616-698-3427','nplumstead2s@ycombinator.com'),(102,'Andrus','Caccavale','139-852-8913','acaccavale2t@photobucket.com'),(103,'Nola','Yannoni','761-146-4050','nyannoni2u@amazon.co.uk'),(104,'Carmen','Jeannaud','976-581-9582','cjeannaud2v@ow.ly'),(105,'Arnold','Thripp','591-798-7256','athripp2w@businessweek.com'),(106,'Stacee','Kefford','593-597-6688','skefford2x@boston.com'),(107,'Bertine','Gladtbach','976-991-2514','bgladtbach2y@cbslocal.com'),(108,'Morley','Sollowaye','298-900-1986','msollowaye2z@tuttocitta.it'),(109,'Marguerite','Kubek','950-250-5735','mkubek30@51.la'),(110,'Adrianna','De Goey','103-705-1614','adegoey31@nyu.edu'),(111,'Rex','Sherborne','902-817-7945','rsherborne32@timesonline.co.uk'),(112,'Harry','MacGown','160-954-0753','hmacgown33@hc360.com'),(113,'Marne','Theuff','769-314-6320','mtheuff34@woothemes.com'),(114,'Candis','Rockcliff','338-725-8038','crockcliff35@omniture.com'),(115,'Dolores','Blaydon','518-307-5364','dblaydon36@mediafire.com'),(116,'Floyd','Dealey','653-605-0214','fdealey37@a8.net'),(117,'Reinhard','Miller','748-393-1886','rmiller38@intel.com'),(118,'Ransom','Sommerville','710-537-4824','rsommerville39@seattletimes.com'),(119,'Kaile','Halstead','378-839-6850','khalstead3a@shareasale.com'),(120,'Corrie','Bysh','752-490-4936','cbysh3b@hatena.ne.jp'),(121,'Egon','Coath','178-711-9532','ecoath3c@mozilla.org'),(122,'Mireielle','Perrycost','655-279-8364','mperrycost3d@google.com'),(123,'Hartley','Filby','322-415-8526','hfilby3e@newyorker.com'),(124,'Anjela','Yarnall','330-123-1977','ayarnall3f@desdev.cn'),(125,'Madelaine','Mumm','254-808-3336','mmumm3g@wired.com'),(126,'Randolf','Borgars','719-836-6484','rborgars3h@europa.eu'),(127,'Carlye','Coulson','497-379-7988','ccoulson3i@nba.com'),(128,'Phoebe','Stangroom','490-297-6594','pstangroom3j@myspace.com'),(129,'Norri','Jenkyn','345-917-0618','njenkyn3k@digg.com'),(130,'Mychal','Tabourin','884-210-9253','mtabourin3l@hhs.gov'),(131,'Vasili','Carbery','144-395-7843','vcarbery3m@livejournal.com'),(132,'Nolana','Foystone','330-534-1787','nfoystone3n@hud.gov'),(133,'Christi','Esland','140-875-6160','cesland3o@eventbrite.com'),(134,'Thatch','Soares','147-477-5416','tsoares3p@about.com'),(135,'Larry','Sherrott','194-889-3189','lsherrott3q@admin.ch'),(136,'Kayle','Sisselot','799-567-1348','ksisselot3r@economist.com'),(137,'Murry','Amiss','562-547-9359','mamiss3s@artisteer.com'),(138,'Miranda','Meysham','349-997-7059','mmeysham3t@cbc.ca'),(139,'Bellanca','Stickells','864-259-1705','bstickells3u@bigcartel.com'),(140,'Brock','Broomer','110-901-2423','bbroomer3v@yolasite.com'),(141,'Corella','MacCartan','739-363-2337','cmaccartan3w@npr.org'),(142,'Madelyn','Anthiftle','666-245-2741','manthiftle3x@nps.gov'),(143,'Ganny','Jacombs','541-626-5187','gjacombs3y@cmu.edu'),(144,'Tarrah','Rodie','293-530-7538','trodie3z@pbs.org'),(145,'Sabra','Greensall','398-165-6837','sgreensall40@miitbeian.gov.cn'),(146,'Sile','Brahan','938-200-1860','sbrahan41@shinystat.com'),(147,'Kipp','Clingan','569-217-6557','kclingan42@twitter.com'),(148,'William','Dennitts','460-693-9862','wdennitts43@imgur.com'),(149,'Cassie','McComish','168-215-2626','cmccomish44@google.nl'),(150,'Maximilianus','Selesnick','969-474-3737','mselesnick45@tinypic.com'),(151,'Inge','Marcombe','638-838-5776','imarcombe46@weibo.com'),(152,'Neale','Bullerwell','131-664-3022','nbullerwell47@dot.gov'),(153,'Rosabella','Filippov','517-737-2184','rfilippov48@csmonitor.com'),(154,'Elisabet','Dach','474-616-6422','edach49@rambler.ru'),(155,'Bary','Bream','227-476-8018','bbream4a@hc360.com'),(156,'Angelita','Givens','185-760-7010','agivens4b@t.co'),(157,'Carmine','Orwin','246-689-3719','corwin4c@elegantthemes.com'),(158,'Lidia','Bellson','679-321-3808','lbellson4d@reddit.com'),(159,'Read','Tunno','888-254-9857','rtunno4e@google.com'),(160,'Carmon','Friman','671-370-4355','cfriman4f@cmu.edu'),(161,'Dael','Knee','384-596-9871','dknee4g@state.gov'),(162,'Alexa','Sambedge','564-756-6603','asambedge4h@kickstarter.com'),(163,'Willette','Robbel','963-779-5355','wrobbel4i@redcross.org'),(164,'Maribeth','Ritchard','365-838-8329','mritchard4j@cbslocal.com'),(165,'Elysee','Longstreet','760-394-9878','elongstreet4k@elpais.com'),(166,'Geoff','Eyree','171-162-4475','geyree4l@istockphoto.com'),(167,'Freedman','Wornum','482-393-9717','fwornum4m@com.com'),(168,'Meghann','Lefley','438-751-0718','mlefley4n@google.nl'),(169,'Sonny','Gorcke','812-423-6724','sgorcke4o@macromedia.com'),(170,'Adriana','Trusler','298-415-9694','atrusler4p@amazon.co.jp'),(171,'Jenny','Camilio','245-510-1084','jcamilio4q@umich.edu'),(172,'Evangelin','Frankum','812-489-0157','efrankum4r@mail.ru'),(173,'Gage','Wolfers','492-566-0655','gwolfers4s@uol.com.br'),(174,'Elspeth','Shallcroff','954-610-7124','eshallcroff4t@wordpress.org'),(175,'Jard','Neem','940-346-8307','jneem4u@wunderground.com'),(176,'Ches','Koche','939-538-2402','ckoche4v@harvard.edu'),(177,'Gregoire','Hare','832-839-6388','ghare4w@twitpic.com'),(178,'Rurik','Gillibrand','520-360-9109','rgillibrand4x@abc.net.au'),(179,'Rollie','Pearcehouse','805-117-7335','rpearcehouse4y@csmonitor.com'),(180,'Lucinda','Ochiltree','722-674-4407','lochiltree4z@slashdot.org'),(181,'Ronald','Conklin','299-883-4455','rconklin50@chicagotribune.com'),(182,'Harcourt','MacKay','103-584-2742','hmackay51@tumblr.com'),(183,'Udell','Fasson','803-327-8754','ufasson52@dropbox.com'),(184,'Marthena','Meace','990-447-9976','mmeace53@army.mil'),(185,'Claretta','Davidman','895-329-9051','cdavidman54@vimeo.com'),(186,'Melina','Houlridge','354-405-4254','mhoulridge55@sfgate.com'),(187,'Sharl','Giddens','493-284-0887','sgiddens56@baidu.com'),(188,'Evangelia','Andresen','764-195-8226','eandresen57@baidu.com'),(189,'Emalee','Lummasana','780-186-0684','elummasana58@hhs.gov'),(190,'Any','Syme','760-927-6199','asyme59@examiner.com'),(191,'Tedi','Haukey','377-636-4568','thaukey5a@forbes.com'),(192,'Emmalyn','Daventry','176-915-4319','edaventry5b@blogtalkradio.com'),(193,'Phedra','Kurdani','807-832-6241','pkurdani5c@diigo.com'),(194,'Der','Gowanson','276-382-2318','dgowanson5d@wufoo.com'),(195,'Lefty','Drust','808-413-0465','ldrust5e@biblegateway.com'),(196,'Alanson','Fiddymont','543-694-4952','afiddymont5f@foxnews.com'),(197,'Myriam','Gravells','546-277-3347','mgravells5g@deliciousdays.com'),(198,'Kari','Coram','267-396-2853','kcoram5h@oracle.com'),(199,'Hakim','Thorby','210-503-3185','hthorby5i@blogspot.com'),(200,'Bobbie','Hollingsbee','584-434-2483','bhollingsbee5j@ask.com'),(201,'Ibrahim','Dumbare','161-425-0672','idumbare5k@accuweather.com'),(202,'Stevie','Vassman','742-264-9788','svassman5l@sciencedirect.com'),(203,'Lambert','Hans','440-214-9212','lhans5m@berkeley.edu'),(204,'Roddie','Watkiss','277-675-1025','rwatkiss5n@webmd.com'),(205,'Shara','Truswell','713-160-7130','struswell5o@storify.com'),(206,'Adria','Gianninotti','885-352-1643','agianninotti5p@prnewswire.com'),(207,'Bendix','Matovic','565-497-5558','bmatovic5q@upenn.edu'),(208,'Ezmeralda','Coggles','882-915-9237','ecoggles5r@quantcast.com'),(209,'Cointon','Roser','726-553-8376','croser5s@sciencedaily.com'),(210,'Dolley','Joss','532-584-0311','djoss5t@google.de'),(211,'Claiborn','Mannion','786-185-2871','cmannion5u@cnet.com'),(212,'Sheilah','Beamand','952-746-0182','sbeamand5v@deviantart.com'),(213,'Hastings','Scotland','911-796-6859','hscotland5w@free.fr'),(214,'Brianne','Eneas','791-970-8028','beneas5x@kickstarter.com'),(215,'Torrence','Scatcher','409-682-6740','tscatcher5y@tmall.com'),(216,'Carolan','Rushforth','441-864-4641','crushforth5z@blog.com'),(217,'Etienne','Pitrelli','173-809-0457','epitrelli60@nytimes.com'),(218,'Chadd','Hargreaves','989-675-4854','chargreaves61@fda.gov'),(219,'Jeannine','Trenchard','552-646-1557','jtrenchard62@census.gov'),(220,'Sandy','Petlyura','415-147-2308','spetlyura63@sfgate.com'),(221,'Sunny','Pile','779-263-4522','spile64@time.com'),(222,'Sigismundo','Blacket','251-657-8389','sblacket65@tamu.edu'),(223,'Jennette','Spuffard','142-117-3928','jspuffard66@gravatar.com'),(224,'Dael','Siggin','267-791-1320','dsiggin67@taobao.com'),(225,'Garold','Silber','410-717-1009','gsilber68@google.co.jp'),(226,'Harland','Yves','824-978-7170','hyves69@plala.or.jp'),(227,'Zola','Hebdon','909-428-8352','zhebdon6a@japanpost.jp'),(228,'Guendolen','Dowson','991-862-8575','gdowson6b@wiley.com'),(229,'Seymour','Kivelle','308-986-2023','skivelle6c@google.com.hk'),(230,'Matthus','Shailer','671-712-1503','mshailer6d@rakuten.co.jp'),(231,'Antons','Ivain','860-852-0933','aivain6e@arizona.edu'),(232,'Kelci','Sowthcote','876-785-9217','ksowthcote6f@howstuffworks.com'),(233,'Boony','Coton','696-611-8438','bcoton6g@ftc.gov'),(234,'Hermy','Yerrington','233-249-2932','hyerrington6h@marriott.com'),(235,'Tibold','Leedal','393-150-8042','tleedal6i@nhs.uk'),(236,'Tine','Vasechkin','468-227-6680','tvasechkin6j@livejournal.com'),(237,'Koral','Oddboy','739-685-7526','koddboy6k@nydailynews.com'),(238,'Dalt','Denekamp','677-167-5282','ddenekamp6l@cam.ac.uk'),(239,'Minny','Halwood','368-850-2223','mhalwood6m@prweb.com'),(240,'Clemens','Brosch','550-554-5733','cbrosch6n@constantcontact.com'),(241,'Amelia','Holbie','776-977-5426','aholbie6o@adobe.com'),(242,'Lorilee','Deeson','892-700-1517','ldeeson6p@cyberchimps.com'),(243,'Victoir','Tollmache','935-664-2576','vtollmache6q@sphinn.com'),(244,'Lona','Jenney','154-373-4284','ljenney6r@google.com.hk'),(245,'Katheryn','Larrat','706-219-9052','klarrat6s@theglobeandmail.com'),(246,'Gaynor','Chagg','123-773-8084','gchagg6t@wiley.com'),(247,'Auguste','Morrice','438-111-4981','amorrice6u@yandex.ru'),(248,'Shara','Tutchell','947-312-7482','stutchell6v@4shared.com'),(249,'Ragnar','Bowes','618-961-5782','rbowes6w@twitpic.com'),(250,'Meier','Baytrop','996-985-0543','mbaytrop6x@bbc.co.uk'),(251,'Maddy','Downton','259-202-0435','mdownton6y@twitpic.com'),(252,'Keene','Pleven','683-271-6321','kpleven6z@typepad.com'),(253,'Dasha','Alliston','931-886-0695','dalliston70@census.gov'),(254,'Lonni','McKeurton','267-496-3277','lmckeurton71@google.pl'),(255,'Lida','Beaves','739-650-0577','lbeaves72@yellowpages.com'),(256,'Chic','Williscroft','203-201-7596','cwilliscroft73@china.com.cn'),(257,'Dolph','Corgenvin','927-819-6700','dcorgenvin74@soup.io'),(258,'Danella','Bidnall','812-782-8985','dbidnall75@uiuc.edu'),(259,'Eartha','Swindall','608-571-5117','eswindall76@webmd.com'),(260,'Darcee','Sherewood','629-800-1872','dsherewood77@de.vu'),(261,'Malena','Hynson','510-502-7675','mhynson78@quantcast.com'),(262,'Teodoor','Macro','450-368-7305','tmacro79@bloglovin.com'),(263,'Gavrielle','Fenn','374-286-6999','gfenn7a@ocn.ne.jp'),(264,'Eleanora','Smythe','588-200-6343','esmythe7b@house.gov'),(265,'Chery','Waldera','586-583-2005','cwaldera7c@sciencedirect.com'),(266,'Rowe','Rhubottom','878-612-9862','rrhubottom7d@time.com'),(267,'Willa','Brik','251-708-4506','wbrik7e@vk.com'),(268,'Tome','Staniland','536-220-6164','tstaniland7f@unesco.org'),(269,'Alexander','Corley','486-713-1997','acorley7g@uol.com.br'),(270,'Fiann','Chuney','598-948-8788','fchuney7h@ifeng.com'),(271,'Marianna','Ivankov','568-573-3376','mivankov7i@jimdo.com'),(272,'Cosme','Kordova','873-793-2467','ckordova7j@google.de'),(273,'Umberto','Pauletto','422-607-3274','upauletto7k@ebay.co.uk'),(274,'Lutero','Pocock','520-965-8858','lpocock7l@chron.com'),(275,'Minda','Rogger','735-787-8266','mrogger7m@intel.com'),(276,'Tish','McGeechan','335-524-8721','tmcgeechan7n@slate.com'),(277,'Coriss','Chaim','706-913-0475','cchaim7o@thetimes.co.uk'),(278,'Douglass','Halson','606-957-9355','dhalson7p@moonfruit.com'),(279,'Loleta','Mattek','905-853-3624','lmattek7q@telegraph.co.uk'),(280,'Rozanna','Kelf','718-585-2705','rkelf7r@reverbnation.com'),(281,'Helyn','McCoole','834-324-4248','hmccoole7s@about.me'),(282,'Dun','Bickerton','746-374-2556','dbickerton7t@phoca.cz'),(283,'Fabiano','Kief','367-929-0859','fkief7u@wisc.edu'),(284,'Trudie','Papen','723-397-4392','tpapen7v@microsoft.com'),(285,'Thomasin','Colquitt','140-156-4878','tcolquitt7w@seesaa.net'),(286,'Meggi','Laird','670-849-7476','mlaird7x@macromedia.com'),(287,'Lanni','Burley','860-976-5156','lburley7y@pbs.org'),(288,'Belva','Hilary','470-940-5081','bhilary7z@usa.gov'),(289,'Lorianna','Hillan','338-570-1887','lhillan80@google.co.jp'),(290,'Merrill','Taberer','811-701-4424','mtaberer81@craigslist.org'),(291,'Onofredo','Gapp','389-837-9154','ogapp82@cloudflare.com'),(292,'Dicky','Pieper','904-568-0029','dpieper83@smugmug.com'),(293,'Kelley','O\'Kane','303-378-5524','kokane84@examiner.com'),(294,'Brewer','Balmadier','568-459-9178','bbalmadier85@typepad.com'),(295,'Wald','Massel','696-643-1997','wmassel86@ebay.com'),(296,'Randolf','Bellocht','495-202-6063','rbellocht87@mozilla.org'),(297,'Derrek','Farnan','207-758-0041','dfarnan88@theguardian.com'),(298,'Niki','Campany','878-973-1269','ncampany89@nps.gov'),(299,'Tad','Kissell','155-390-8205','tkissell8a@dagondesign.com'),(300,'Rakel','Cathersides','531-543-8950','rcathersides8b@people.com.cn'),(301,'Edgard','Davydenko','506-126-0547','edavydenko8c@homestead.com'),(302,'Tadeo','Bartrop','453-412-6037','tbartrop8d@jalbum.net'),(303,'Kayle','Jellybrand','654-446-7955','kjellybrand8e@w3.org'),(304,'Peter','Deniscke','675-749-4756','pdeniscke8f@digg.com'),(305,'Dorena','Shrubshall','302-687-7253','dshrubshall8g@stumbleupon.com'),(306,'Mauricio','Spurier','535-605-6000','mspurier8h@topsy.com'),(307,'Nikaniki','Rentilll','839-171-5569','nrentilll8i@ox.ac.uk'),(308,'Adam','Roffe','796-636-9256','aroffe8j@people.com.cn'),(309,'Marve','Rutherfoord','340-679-1610','mrutherfoord8k@ucla.edu'),(310,'Johannes','MacDermid','979-732-3221','jmacdermid8l@geocities.jp'),(311,'Worthington','Edward','749-605-6031','wedward8m@admin.ch'),(312,'Gisela','Markie','207-546-7177','gmarkie8n@blinklist.com'),(313,'Hale','Karel','226-588-2172','hkarel8o@t.co'),(314,'Jemmy','Martino','655-781-7287','jmartino8p@cnbc.com'),(315,'Forbes','Harvard','482-631-5271','fharvard8q@shutterfly.com'),(316,'Guido','Janikowski','447-304-6836','gjanikowski8r@google.com.au'),(317,'Flo','Camocke','400-452-2685','fcamocke8s@loc.gov'),(318,'Brandtr','Giamuzzo','676-945-9678','bgiamuzzo8t@dot.gov'),(319,'Emmalee','Thorlby','213-638-9256','ethorlby8u@amazonaws.com'),(320,'Edna','Gronow','362-690-1461','egronow8v@patch.com'),(321,'Helga','Quinell','475-923-0424','hquinell8w@alibaba.com'),(322,'Lance','Pesik','654-896-9012','lpesik8x@storify.com'),(323,'Ambrose','Cubuzzi','347-921-7038','acubuzzi8y@google.fr'),(324,'Laurie','Foy','822-212-2008','lfoy8z@ezinearticles.com'),(325,'Rozalie','Garrett','821-506-9156','rgarrett90@macromedia.com'),(326,'Isahella','Rubinsohn','975-565-1331','irubinsohn91@dropbox.com'),(327,'Celina','Checketts','563-354-6965','cchecketts92@smugmug.com'),(328,'Codie','Cheek','241-775-8322','ccheek93@typepad.com'),(329,'Quinton','Whardley','847-841-0989','qwhardley94@aol.com'),(330,'Lucian','Sharpin','870-382-4334','lsharpin95@cocolog-nifty.com'),(331,'Cicely','Glaves','614-782-4251','cglaves96@github.io'),(332,'Meredeth','Gasson','671-723-7367','mgasson97@rambler.ru'),(333,'Eleonore','Loins','837-950-0896','eloins98@printfriendly.com'),(334,'Phillipe','Radsdale','636-155-6638','pradsdale99@npr.org'),(335,'Madalyn','Kerfut','179-936-5182','mkerfut9a@ovh.net'),(336,'Katherine','Tregona','511-332-0115','ktregona9b@apple.com'),(337,'Teodoro','Gayforth','866-585-7709','tgayforth9c@newyorker.com'),(338,'Brinna','Choppen','171-599-1683','bchoppen9d@telegraph.co.uk'),(339,'Phebe','Swinford','140-416-6825','pswinford9e@flickr.com'),(340,'Christa','De Matteis','308-813-7286','cdematteis9f@usnews.com'),(341,'Dorena','Rabley','941-833-8923','drabley9g@ca.gov'),(342,'Nerte','Fripp','710-757-0215','nfripp9h@shinystat.com'),(343,'Guglielmo','Woollons','236-103-8429','gwoollons9i@paypal.com'),(344,'Gerik','McKeever','304-911-5293','gmckeever9j@hao123.com'),(345,'Kelley','Errington','881-843-9247','kerrington9k@domainmarket.com'),(346,'Tonye','Carpenter','413-316-1159','tcarpenter9l@umich.edu'),(347,'Carlina','McBoyle','891-506-5519','cmcboyle9m@purevolume.com'),(348,'Howey','Tongue','137-704-0220','htongue9n@newsvine.com'),(349,'Jourdain','MacLure','239-283-0040','jmaclure9o@paypal.com'),(350,'Corrianne','Rollason','706-238-5503','crollason9p@1und1.de'),(351,'Manny','Eeles','407-689-4937','meeles9q@nba.com'),(352,'Dewitt','Brearty','474-923-6832','dbrearty9r@google.pl'),(353,'Peirce','Szantho','868-672-9381','pszantho9s@utexas.edu'),(354,'Alli','Dytham','719-310-4602','adytham9t@google.pl'),(355,'Iorgos','Bertson','487-999-3966','ibertson9u@baidu.com'),(356,'Fancie','Leates','227-834-5443','fleates9v@youtube.com'),(357,'Christoph','Giamitti','408-192-5718','cgiamitti9w@foxnews.com'),(358,'Iggie','Audsley','282-263-7744','iaudsley9x@hostgator.com'),(359,'Hervey','Toma','346-989-7692','htoma9y@parallels.com'),(360,'Dannie','McGrey','684-603-4300','dmcgrey9z@vimeo.com'),(361,'Krisha','Purkess','101-567-6387','kpurkessa0@spotify.com'),(362,'Carleen','Hanselmann','395-420-1003','chanselmanna1@taobao.com'),(363,'Angelina','MacKibbon','202-850-1359','amackibbona2@ihg.com'),(364,'Jo','Hitzschke','356-770-8910','jhitzschkea3@sourceforge.net'),(365,'Rosella','Evins','426-950-7779','revinsa4@illinois.edu'),(366,'Theo','Comoletti','954-962-4380','tcomolettia5@ftc.gov'),(367,'Thornton','Josilevich','179-757-6418','tjosilevicha6@typepad.com'),(368,'Ami','Hotson','750-120-1339','ahotsona7@irs.gov'),(369,'Carley','Colthard','384-790-8431','ccoltharda8@symantec.com'),(370,'Clair','Fells','512-237-7166','cfellsa9@usda.gov'),(371,'Obadiah','Coventon','264-836-2845','ocoventonaa@amazon.co.jp'),(372,'Gae','Woolaghan','253-421-0158','gwoolaghanab@goo.gl'),(373,'Brenna','Judgkins','283-862-7902','bjudgkinsac@dagondesign.com'),(374,'Creighton','Christy','352-905-7667','cchristyad@spiegel.de'),(375,'Boot','Tinghill','450-587-4320','btinghillae@jiathis.com'),(376,'El','Cockney','459-228-5880','ecockneyaf@facebook.com'),(377,'Flora','Dealey','895-412-1845','fdealeyag@last.fm'),(378,'Cathrine','Steadman','369-275-9522','csteadmanah@aboutads.info'),(379,'Marillin','Kitchingman','746-267-7883','mkitchingmanai@oaic.gov.au'),(380,'Blithe','Rice','611-820-3170','briceaj@amazon.co.uk'),(381,'Heall','MacIntosh','300-760-3134','hmacintoshak@vistaprint.com'),(382,'Kerstin','Shawel','429-171-9310','kshawelal@networksolutions.com'),(383,'Debby','Wilbraham','841-423-3299','dwilbrahamam@dagondesign.com'),(384,'Richmond','Boshard','681-789-6748','rboshardan@hostgator.com'),(385,'Talia','Jahnisch','606-542-1594','tjahnischao@nyu.edu'),(386,'Joletta','Brash','943-222-5692','jbrashap@arstechnica.com'),(387,'Israel','Wallenger','906-510-8560','iwallengeraq@cocolog-nifty.com'),(388,'Harv','Crutchfield','629-536-8357','hcrutchfieldar@google.ru'),(389,'Elna','McTrusty','744-881-4213','emctrustyas@intel.com'),(390,'Elenore','Fernier','589-780-5507','efernierat@smh.com.au'),(391,'Sancho','Annatt','171-318-9656','sannattau@github.com'),(392,'Muire','Kimmitt','474-699-2672','mkimmittav@cbslocal.com'),(393,'Denys','Caldeyroux','851-360-1971','dcaldeyrouxaw@wix.com'),(394,'Hussein','Ridewood','394-550-8142','hridewoodax@linkedin.com'),(395,'Rory','Harrigan','854-198-1493','rharriganay@last.fm'),(396,'Nannie','Bromont','515-267-3600','nbromontaz@foxnews.com'),(397,'Bale','Tomaselli','282-844-8137','btomasellib0@myspace.com'),(398,'Arlinda','Romagnosi','558-200-6401','aromagnosib1@yelp.com'),(399,'Clem','Carlon','485-597-3973','ccarlonb2@newsvine.com'),(400,'Tedd','Masdon','163-832-7735','tmasdonb3@netvibes.com'),(401,'Lolita','Manach','916-962-2040','lmanachb4@privacy.gov.au'),(402,'Cleon','Tackell','314-649-0061','ctackellb5@wikimedia.org'),(403,'Sofie','Durnall','330-498-4523','sdurnallb6@virginia.edu'),(404,'Ezmeralda','Tavener','572-772-5945','etavenerb7@com.com'),(405,'Artie','Walkey','101-766-4738','awalkeyb8@upenn.edu'),(406,'Sandy','Kneeland','231-202-1304','skneelandb9@infoseek.co.jp'),(407,'Pembroke','McGlaud','190-188-9752','pmcglaudba@mapy.cz'),(408,'Sarine','Clipsham','548-322-1269','sclipshambb@domainmarket.com'),(409,'Gilberte','Anyene','145-151-5882','ganyenebc@bravesites.com'),(410,'Paige','Pigne','154-587-4648','ppignebd@nifty.com'),(411,'Brana','Drewson','317-928-3659','bdrewsonbe@umn.edu'),(412,'Sophi','Easterbrook','194-648-5496','seasterbrookbf@angelfire.com'),(413,'Romona','Rentilll','883-335-5984','rrentilllbg@ask.com'),(414,'Meghan','Bachs','275-424-7996','mbachsbh@nationalgeographic.com'),(415,'Tabbitha','Sharnock','770-498-1688','tsharnockbi@yale.edu'),(416,'Laryssa','Martinho','695-783-6693','lmartinhobj@dmoz.org'),(417,'Leroi','Colbertson','990-166-0884','lcolbertsonbk@topsy.com'),(418,'Valencia','Crocken','490-890-2748','vcrockenbl@scientificamerican.com'),(419,'Rochell','Pattie','779-839-5718','rpattiebm@ucla.edu'),(420,'Elvis','Royl','829-712-0443','eroylbn@github.com'),(421,'Gwendolyn','Faltskog','467-321-7891','gfaltskogbo@yolasite.com'),(422,'Jackie','Overstall','109-315-4555','joverstallbp@1688.com'),(423,'Vince','Beausang','749-524-6104','vbeausangbq@altervista.org'),(424,'Susette','Wilcot','347-308-1509','swilcotbr@blogtalkradio.com'),(425,'Sarina','Antuoni','742-432-4026','santuonibs@springer.com'),(426,'Marji','Meakes','499-657-9481','mmeakesbt@jiathis.com'),(427,'Maryjane','Lavell','829-654-2676','mlavellbu@macromedia.com'),(428,'Berton','Videan','739-405-6909','bvideanbv@infoseek.co.jp'),(429,'Stephanie','Jiles','814-465-2992','sjilesbw@cargocollective.com'),(430,'Gwenora','Burgwyn','810-626-8625','gburgwynbx@phpbb.com'),(431,'Glenna','Martynka','892-985-3848','gmartynkaby@homestead.com'),(432,'Valle','Gonthier','270-465-6019','vgonthierbz@hugedomains.com'),(433,'Sheppard','Jobes','681-188-4721','sjobesc0@miibeian.gov.cn'),(434,'Marylinda','Ayshford','755-975-2153','mayshfordc1@booking.com'),(435,'Brynn','Bayford','186-639-4875','bbayfordc2@mtv.com'),(436,'Lyndsay','Ferrulli','314-851-5316','lferrullic3@apache.org'),(437,'Olive','Cammacke','819-110-6120','ocammackec4@dmoz.org'),(438,'Rusty','Eves','716-832-4161','revesc5@networksolutions.com'),(439,'Nevsa','Greenshields','222-178-5669','ngreenshieldsc6@cam.ac.uk'),(440,'Netta','Tickner','993-434-5500','nticknerc7@reference.com'),(441,'Evvie','Pitceathly','620-392-2144','epitceathlyc8@google.nl'),(442,'Dominique','Claxton','115-611-9442','dclaxtonc9@goo.gl'),(443,'Amanda','Brisard','301-351-9693','abrisardca@storify.com'),(444,'Elsinore','Corington','212-389-6943','ecoringtoncb@bravesites.com'),(445,'Nichole','Salzburger','311-506-7379','nsalzburgercc@hc360.com'),(446,'Devonna','Gwilliams','816-285-4578','dgwilliamscd@gov.uk'),(447,'Derrek','Domokos','113-174-5994','ddomokosce@netscape.com'),(448,'Gaelan','Dudley','420-455-4786','gdudleycf@engadget.com'),(449,'Gawain','Palay','250-300-8121','gpalaycg@eepurl.com'),(450,'Eduino','Newlove','574-224-0161','enewlovech@walmart.com'),(451,'Reginald','Annion','479-193-1105','rannionci@chicagotribune.com'),(452,'Thacher','Bather','735-778-4961','tbathercj@weather.com'),(453,'Lenora','Lavis','493-870-1701','llavisck@mayoclinic.com'),(454,'Sylvan','Millington','401-908-2713','smillingtoncl@ask.com'),(455,'Wenonah','Cheer','681-695-3559','wcheercm@etsy.com'),(456,'Amil','Slograve','498-311-4161','aslogravecn@mozilla.org'),(457,'Farica','Alred','619-343-9529','falredco@google.com'),(458,'Kassia','Torrans','854-915-9165','ktorranscp@123-reg.co.uk'),(459,'Osbert','Lawrence','997-371-6222','olawrencecq@examiner.com'),(460,'Hersh','Gierek','303-485-2874','hgierekcr@sciencedaily.com'),(461,'Libbi','Bolden','553-511-6186','lboldencs@bloglovin.com'),(462,'Geordie','Fleischer','846-770-1447','gfleischerct@wired.com'),(463,'Leonidas','Killick','859-607-9779','lkillickcu@cafepress.com'),(464,'Bartholomeus','Chesshire','110-947-3490','bchesshirecv@house.gov'),(465,'Violet','Jayme','576-853-5504','vjaymecw@desdev.cn'),(466,'Evelyn','Seckom','641-790-5033','eseckomcx@mashable.com'),(467,'Granville','Starking','169-207-0922','gstarkingcy@skyrock.com'),(468,'Krishna','Bicheno','178-438-7261','kbichenocz@sfgate.com'),(469,'Adey','Staniland','577-331-6693','astanilandd0@berkeley.edu'),(470,'Beniamino','Van Son','617-395-8013','bvansond1@drupal.org'),(471,'Jon','Sket','643-278-0482','jsketd2@dropbox.com'),(472,'Hall','Haquin','907-603-5913','hhaquind3@drupal.org'),(473,'Martyn','Turk','306-956-9889','mturkd4@skyrock.com'),(474,'Willi','Collier','905-334-5261','wcollierd5@multiply.com'),(475,'Diahann','Harbar','853-908-7961','dharbard6@nih.gov'),(476,'Skelly','Gossling','976-328-6303','sgosslingd7@clickbank.net'),(477,'Belva','Gullberg','501-862-6216','bgullbergd8@princeton.edu'),(478,'Byron','Betteridge','304-583-6983','bbetteridged9@sfgate.com'),(479,'Rakel','Imlaw','478-127-6647','rimlawda@wikispaces.com'),(480,'Erik','Hiscocks','341-536-3662','ehiscocksdb@freewebs.com'),(481,'Maurice','Edgson','774-316-8791','medgsondc@bing.com'),(482,'Jobina','Corbitt','398-833-7043','jcorbittdd@netvibes.com'),(483,'Dyna','Fliege','476-425-4386','dfliegede@opensource.org'),(484,'Rad','Abells','239-154-3140','rabellsdf@csmonitor.com'),(485,'Pasquale','Bennion','751-781-6162','pbenniondg@ocn.ne.jp'),(486,'Cate','Bolgar','195-133-6039','cbolgardh@edublogs.org'),(487,'Karen','Gheraldi','214-839-6264','kgheraldidi@networksolutions.com'),(488,'Jehanna','Girdwood','157-525-5975','jgirdwooddj@livejournal.com'),(489,'Charleen','Dobbinson','389-613-0021','cdobbinsondk@auda.org.au'),(490,'Tamarah','Gorger','512-571-8828','tgorgerdl@macromedia.com'),(491,'Wait','Shaylor','699-146-5465','wshaylordm@sciencedirect.com'),(492,'Elihu','Ivetts','879-641-3820','eivettsdn@shinystat.com'),(493,'Petronia','Maddams','712-243-2228','pmaddamsdo@dropbox.com'),(494,'Allan','Gripton','166-616-6319','agriptondp@sbwire.com'),(495,'Alphonse','Pimlock','752-471-0667','apimlockdq@cisco.com'),(496,'Rich','Markson','992-261-6930','rmarksondr@stumbleupon.com'),(497,'Eugen','Kardos','725-401-6095','ekardosds@google.cn'),(498,'Amalee','Gidney','227-631-8369','agidneydt@wiley.com'),(499,'Marta','Knill','646-997-3318','mknilldu@shareasale.com'),(500,'April','Scouse','688-503-9214','ascousedv@elegantthemes.com'),(501,'Valenka','Hennemann','537-917-4231','vhennemanndw@sohu.com'),(502,'Shepperd','Ciepluch','118-707-1534','sciepluchdx@harvard.edu'),(503,'Elena','Saw','113-174-3770','esawdy@si.edu'),(504,'Austine','Dosedale','558-342-0632','adosedaledz@netlog.com'),(505,'Corette','Elion','614-862-9773','celione0@dion.ne.jp'),(506,'Stefa','Shrubshall','180-237-5162','sshrubshalle1@shareasale.com'),(507,'Vilhelmina','Olivier','605-621-6265','voliviere2@admin.ch'),(508,'Dan','Fergie','640-810-4405','dfergiee3@plala.or.jp'),(509,'Ronna','Giriardelli','446-277-7773','rgiriardellie4@mapy.cz'),(510,'Dillon','Mugford','259-725-7895','dmugforde5@reverbnation.com'),(511,'Adah','Cowdery','714-171-8692','acowderye6@usgs.gov'),(512,'Paddy','Fippe','618-251-3316','pfippee7@omniture.com'),(513,'Derk','Rivalant','327-111-6374','drivalante8@newyorker.com'),(514,'Wheeler','Heenan','339-545-9850','wheenane9@accuweather.com'),(515,'Jermaine','Beards','640-199-8220','jbeardsea@cargocollective.com'),(516,'Sile','Gadd','602-833-2661','sgaddeb@google.it'),(517,'Fredia','Gages','111-512-7776','fgagesec@businessweek.com'),(518,'Nikolos','Bletsor','811-495-1863','nbletsored@reference.com'),(519,'Brewster','Hegarty','202-873-5649','bhegartyee@gnu.org'),(520,'Kerk','Smead','246-442-1761','ksmeadef@paginegialle.it'),(521,'Jerrie','Saker','181-171-2971','jsakereg@nasa.gov'),(522,'Caddric','Servis','744-199-8124','cserviseh@bloglovin.com'),(523,'Starr','Tobin','543-732-8303','stobinei@mac.com'),(524,'Aloisia','Cowlard','705-771-2336','acowlardej@scientificamerican.com'),(525,'Emelen','Jurgen','592-540-0315','ejurgenek@vkontakte.ru'),(526,'Ives','Denes','442-227-8608','idenesel@indiatimes.com'),(527,'Shelden','Crebott','636-331-3611','screbottem@zdnet.com'),(528,'Rufe','Cornbell','874-999-2336','rcornbellen@go.com'),(529,'Natalina','Stapels','310-270-4371','nstapelseo@shareasale.com'),(530,'Nettie','Crush','921-428-4266','ncrushep@example.com'),(531,'Jereme','Boyne','714-559-3721','jboyneeq@cisco.com'),(532,'Kristal','Marti','925-556-5019','kmartier@about.com'),(533,'Dennie','Hassur','490-698-6151','dhassures@cpanel.net'),(534,'Marjy','Molloy','548-139-1187','mmolloyet@fda.gov'),(535,'Carlie','Ramsier','494-951-3270','cramsiereu@usatoday.com'),(536,'Orlando','Getten','576-419-6950','ogettenev@state.tx.us'),(537,'Amerigo','Mariotte','971-285-7657','amariotteew@cargocollective.com'),(538,'Chantalle','Brewin','452-202-2971','cbrewinex@washington.edu'),(539,'Linn','Lindenboim','710-415-2936','llindenboimey@ning.com'),(540,'Nathalie','Najara','404-467-5367','nnajaraez@state.gov'),(541,'Emilio','Trigwell','101-978-8497','etrigwellf0@chicagotribune.com'),(542,'Abbey','Longstaff','974-256-4285','alongstafff1@japanpost.jp'),(543,'Todd','Gwioneth','198-959-2974','tgwionethf2@wikia.com'),(544,'Maure','Germon','774-183-5055','mgermonf3@ning.com'),(545,'Susanetta','Fairhead','106-465-3153','sfairheadf4@wikipedia.org'),(546,'Evan','McCourtie','596-613-2498','emccourtief5@ezinearticles.com'),(547,'Berkly','Franschini','872-263-9749','bfranschinif6@businessinsider.com'),(548,'Bree','Kitlee','912-740-7067','bkitleef7@4shared.com'),(549,'Kennett','Gadie','765-151-0578','kgadief8@wsj.com'),(550,'Gerick','Juszczyk','606-241-4766','gjuszczykf9@nsw.gov.au'),(551,'Lise','Winney','164-987-4904','lwinneyfa@guardian.co.uk'),(552,'Trace','Devenport','339-192-6482','tdevenportfb@deviantart.com'),(553,'Eimile','Sandall','415-428-7799','esandallfc@reverbnation.com'),(554,'Quent','Angier','534-109-8909','qangierfd@who.int'),(555,'Page','Trainer','273-682-2034','ptrainerfe@earthlink.net'),(556,'Alexandro','Tomczynski','563-994-9476','atomczynskiff@networksolutions.com'),(557,'Shoshanna','Donaher','236-135-1810','sdonaherfg@imdb.com'),(558,'Elvina','D\'Acth','202-872-8037','edacthfh@themeforest.net'),(559,'Melodee','Tesh','227-837-2286','mteshfi@friendfeed.com'),(560,'Winona','Pinel','498-300-3609','wpinelfj@booking.com'),(561,'Carlyn','Siburn','342-184-7275','csiburnfk@cpanel.net'),(562,'Kean','Weatherburn','173-972-7918','kweatherburnfl@shutterfly.com'),(563,'Baily','Springer','158-668-7482','bspringerfm@taobao.com'),(564,'Farra','Nuzzetti','675-850-8657','fnuzzettifn@rambler.ru'),(565,'Boris','Pugsley','300-914-6885','bpugsleyfo@blog.com'),(566,'Romona','Ogilvy','223-681-7750','rogilvyfp@hostgator.com'),(567,'Fitzgerald','Davall','382-643-9033','fdavallfq@hhs.gov'),(568,'Kendra','Proswell','693-454-2996','kproswellfr@live.com'),(569,'Mufi','Rowston','950-436-4590','mrowstonfs@ucla.edu'),(570,'Nadean','Foakes','598-321-8486','nfoakesft@army.mil'),(571,'Deny','Frensche','343-819-4633','dfrenschefu@delicious.com'),(572,'Cherish','Windrus','434-771-0019','cwindrusfv@plala.or.jp'),(573,'Alisha','Bonavia','848-242-1222','abonaviafw@accuweather.com'),(574,'Townie','Harome','790-289-9751','tharomefx@liveinternet.ru'),(575,'Ricardo','Trigg','546-299-3329','rtriggfy@google.com'),(576,'Mead','Siddeley','590-604-8617','msiddeleyfz@vk.com'),(577,'Tommy','Maddicks','244-122-5679','tmaddicksg0@shutterfly.com'),(578,'Garrek','Krzysztof','630-731-2792','gkrzysztofg1@wikipedia.org'),(579,'Winfred','Du Hamel','772-784-4983','wduhamelg2@abc.net.au'),(580,'Patience','Antonovic','535-160-8908','pantonovicg3@github.com'),(581,'Gwyn','Hattrick','396-740-3682','ghattrickg4@reverbnation.com'),(582,'Jose','Fiennes','264-427-8634','jfiennesg5@yahoo.com'),(583,'Melony','Orviss','777-569-6295','morvissg6@chicagotribune.com'),(584,'Cassey','Stiller','385-658-1174','cstillerg7@lycos.com'),(585,'Shelley','Kiddle','804-898-7783','skiddleg8@istockphoto.com'),(586,'Horatia','Aylett','422-886-9470','haylettg9@goodreads.com'),(587,'Thaine','Baddoe','311-582-5568','tbaddoega@ucla.edu'),(588,'Wrennie','Dearell','206-447-9114','wdearellgb@deviantart.com'),(589,'Moshe','Blewett','578-176-2621','mblewettgc@mapy.cz'),(590,'Agata','Donnan','650-445-9094','adonnangd@blinklist.com'),(591,'Jocelyne','Antonias','747-622-9297','jantoniasge@i2i.jp'),(592,'Dolli','Statersfield','249-389-3833','dstatersfieldgf@msn.com'),(593,'Ogdan','Kidde','587-300-1107','okiddegg@sciencedaily.com'),(594,'Carmelle','Ranklin','875-816-7657','cranklingh@hostgator.com'),(595,'Dur','McGarrity','518-387-2477','dmcgarritygi@addthis.com'),(596,'Devan','Bartelet','146-285-5947','dbarteletgj@scribd.com'),(597,'Kissie','Meltetal','776-545-3283','kmeltetalgk@tamu.edu'),(598,'Fifi','Tatchell','880-409-5622','ftatchellgl@salon.com'),(599,'Frayda','Urlin','339-128-6543','furlingm@photobucket.com'),(600,'Bamby','Mattingson','267-257-2660','bmattingsongn@scientificamerican.com'),(601,'Tore','Mattam','939-533-5715','tmattamgo@skype.com'),(602,'Caesar','Hutcheson','499-860-6386','chutchesongp@marketwatch.com'),(603,'Lucila','Canavan','366-498-4812','lcanavangq@dedecms.com'),(604,'Corabella','Taft','432-637-5813','ctaftgr@reference.com'),(605,'Klarika','Lilburn','738-458-6443','klilburngs@shareasale.com'),(606,'Rowe','Firmager','539-732-9618','rfirmagergt@hostgator.com'),(607,'Gus','Yacob','451-365-8177','gyacobgu@smh.com.au'),(608,'Antin','Wittier','125-559-8941','awittiergv@hexun.com'),(609,'Brock','Budden','601-750-6533','bbuddengw@shareasale.com'),(610,'Maximilian','Gentric','564-611-2925','mgentricgx@constantcontact.com'),(611,'Kristel','Duprey','612-987-4120','kdupreygy@odnoklassniki.ru'),(612,'Rhianon','Yanez','265-118-9066','ryanezgz@sohu.com'),(613,'Debbie','Waylen','523-458-6492','dwaylenh0@discuz.net'),(614,'Danit','Jiroudek','752-413-9475','djiroudekh1@techcrunch.com'),(615,'Marissa','Plumptre','983-962-4285','mplumptreh2@youtube.com'),(616,'Julianna','Bilsborrow','956-241-1730','jbilsborrowh3@ocn.ne.jp'),(617,'Horatius','Capell','863-478-6266','hcapellh4@prnewswire.com'),(618,'Tersina','Codrington','420-686-0206','tcodringtonh5@time.com'),(619,'Abbe','Worsley','326-132-0160','aworsleyh6@mapy.cz'),(620,'Leah','O\'Caine','498-306-3170','locaineh7@elegantthemes.com'),(621,'Nickola','Wardesworth','105-212-6856','nwardesworthh8@unicef.org'),(622,'Marabel','Turbill','151-975-7627','mturbillh9@craigslist.org'),(623,'Wynne','Yewdale','828-722-5661','wyewdaleha@ftc.gov'),(624,'Levon','Lawlee','417-286-2804','llawleehb@youku.com'),(625,'Rafaellle','Buckoke','198-632-4046','rbuckokehc@guardian.co.uk'),(626,'Keene','Ratnage','902-365-6058','kratnagehd@addthis.com'),(627,'Cara','Villiers','939-542-3333','cvilliershe@dropbox.com'),(628,'Heddie','Peeter','707-796-4979','hpeeterhf@latimes.com'),(629,'Fred','Rides','167-437-0912','frideshg@g.co'),(630,'Doreen','Simonnin','305-807-0094','dsimonninhh@redcross.org'),(631,'Quentin','Kingzet','585-683-6818','qkingzethi@aboutads.info'),(632,'Feodor','Stearnes','293-387-0940','fstearneshj@uiuc.edu'),(633,'Maia','Cunah','774-720-7888','mcunahhk@odnoklassniki.ru'),(634,'Cairistiona','Junkison','756-380-5048','cjunkisonhl@miitbeian.gov.cn'),(635,'Brina','Munnion','441-255-7717','bmunnionhm@utexas.edu'),(636,'Chrissie','Lindwasser','317-171-1242','clindwasserhn@surveymonkey.com'),(637,'Hedwig','Astman','181-863-6877','hastmanho@nytimes.com'),(638,'Field','Ruspine','159-699-0980','fruspinehp@pagesperso-orange.fr'),(639,'Penn','Dawney','277-790-2651','pdawneyhq@twitpic.com'),(640,'Elonore','Slowly','782-507-2833','eslowlyhr@indiegogo.com'),(641,'Vally','Leatham','681-748-5127','vleathamhs@ftc.gov'),(642,'Callie','Kuhlmey','100-615-0033','ckuhlmeyht@photobucket.com'),(643,'Lynnette','Cunio','389-708-9962','lcuniohu@biblegateway.com'),(644,'Fidelia','Vaissiere','698-473-9581','fvaissierehv@thetimes.co.uk'),(645,'Hewett','Iori','185-602-9409','hiorihw@whitehouse.gov'),(646,'Beverley','Plows','254-409-5596','bplowshx@yahoo.com'),(647,'Minnaminnie','Hornig','413-143-5886','mhornighy@house.gov'),(648,'Lutero','Dowsett','216-637-5039','ldowsetthz@mtv.com'),(649,'Norbie','Remnant','389-579-1877','nremnanti0@tmall.com'),(650,'Blakeley','Agius','188-878-5468','bagiusi1@bravesites.com'),(651,'Quinn','Courvert','492-160-7543','qcourverti2@narod.ru'),(652,'Myles','Dautry','477-946-4752','mdautryi3@fema.gov'),(653,'Ryun','Gehringer','948-518-3624','rgehringeri4@paypal.com'),(654,'Pippa','Yakebowitch','579-799-9691','pyakebowitchi5@comsenz.com'),(655,'Rafael','Laurenson','444-864-9786','rlaurensoni6@narod.ru'),(656,'Dolley','Binder','812-414-0863','dbinderi7@privacy.gov.au'),(657,'Emery','Enric','905-260-4846','eenrici8@imageshack.us'),(658,'Drusy','Skidmore','838-893-8811','dskidmorei9@wunderground.com'),(659,'Dudley','Wims','248-948-1586','dwimsia@huffingtonpost.com'),(660,'Sloane','Helbeck','811-885-4078','shelbeckib@sciencedirect.com'),(661,'Beverlie','Hellier','293-256-0307','bhellieric@dion.ne.jp'),(662,'Etty','Dressel','512-205-1097','edresselid@ask.com'),(663,'Betteanne','Beames','838-688-2589','bbeamesie@dagondesign.com'),(664,'Izaak','Povey','707-287-7250','ipoveyif@bluehost.com'),(665,'Annadiane','Barden','575-186-8759','abardenig@google.co.uk'),(666,'Caryl','Paolozzi','136-281-9095','cpaolozziih@stumbleupon.com'),(667,'Davie','Stambridge','889-408-4373','dstambridgeii@multiply.com'),(668,'Batsheva','Faveryear','785-743-9659','bfaveryearij@house.gov'),(669,'Trent','Mackstead','283-757-0064','tmacksteadik@bravesites.com'),(670,'Jen','Leheude','222-625-5088','jleheudeil@scientificamerican.com'),(671,'Koressa','Gonoude','910-462-2509','kgonoudeim@lycos.com'),(672,'Faydra','Daysh','774-752-3648','fdayshin@sfgate.com'),(673,'Starlene','Hurry','217-182-6131','shurryio@alibaba.com'),(674,'Courtnay','Shortland','508-819-1780','cshortlandip@ovh.net'),(675,'Cullin','Sewards','396-954-1209','csewardsiq@nydailynews.com'),(676,'Karry','Nassi','679-301-6100','knassiir@netvibes.com'),(677,'Bradney','Grimwade','348-492-2320','bgrimwadeis@vistaprint.com'),(678,'Shadow','Willmot','389-360-2316','swillmotit@nytimes.com'),(679,'Drucill','Lowthorpe','374-452-0791','dlowthorpeiu@chronoengine.com'),(680,'Durante','Blanc','510-987-1856','dblanciv@wikia.com'),(681,'Ethan','Baudi','201-715-0621','ebaudiiw@pen.io'),(682,'Siegfried','Gorringe','408-752-1270','sgorringeix@tripod.com'),(683,'Damaris','Franck','707-951-2820','dfranckiy@usa.gov'),(684,'Domeniga','Van der Mark','919-193-8288','dvandermarkiz@alibaba.com'),(685,'Engelbert','Davis','316-966-6531','edavisj0@state.tx.us'),(686,'Binni','Ropert','258-228-3499','bropertj1@ycombinator.com'),(687,'Lona','Dugan','481-196-0644','lduganj2@issuu.com'),(688,'Gaby','Poltun','994-928-1531','gpoltunj3@marriott.com'),(689,'Jaynell','Baysting','592-480-4864','jbaystingj4@ow.ly'),(690,'Goraud','Giacopelo','333-405-6660','ggiacopeloj5@businesswire.com'),(691,'Nathalia','Kemetz','549-192-4784','nkemetzj6@elegantthemes.com'),(692,'Clarke','Maus','435-118-1374','cmausj7@businessweek.com'),(693,'Anne-marie','Malpas','536-853-3797','amalpasj8@joomla.org'),(694,'Barr','Scogings','839-213-8810','bscogingsj9@state.tx.us'),(695,'Briana','Grenshiels','171-477-6947','bgrenshielsja@pcworld.com'),(696,'Amitie','Gorries','988-873-4147','agorriesjb@elpais.com'),(697,'Otis','Kibbey','146-320-7108','okibbeyjc@microsoft.com'),(698,'Bruno','Leedes','402-376-6951','bleedesjd@joomla.org'),(699,'Cazzie','Trippett','158-913-3815','ctrippettje@marketwatch.com'),(700,'Leila','Fessler','553-102-0064','lfesslerjf@posterous.com'),(701,'James','Tiddeman','199-687-2817','jtiddemanjg@newyorker.com'),(702,'Geoff','Doubrava','560-525-5534','gdoubravajh@theglobeandmail.com'),(703,'Anetta','Pendry','639-465-2959','apendryji@networkadvertising.org'),(704,'Faber','Stelli','396-822-9774','fstellijj@ning.com'),(705,'Wash','Witling','848-277-2098','wwitlingjk@vimeo.com'),(706,'Leeanne','Glynn','393-367-5480','lglynnjl@hexun.com'),(707,'Natka','Lanahan','951-213-9873','nlanahanjm@lulu.com'),(708,'Adey','Kasher','473-492-1229','akasherjn@hao123.com'),(709,'Jodee','Waren','962-521-3630','jwarenjo@bloomberg.com'),(710,'Merline','Bernolet','933-461-9841','mbernoletjp@theatlantic.com'),(711,'Way','Basill','718-423-0295','wbasilljq@marketwatch.com'),(712,'Claus','Scahill','427-906-5969','cscahilljr@naver.com'),(713,'Meredeth','Badgers','559-477-9138','mbadgersjs@angelfire.com'),(714,'Robbin','Speariett','876-407-7386','rspeariettjt@oaic.gov.au'),(715,'Charyl','Lagneaux','350-682-6452','clagneauxju@tumblr.com'),(716,'Rosanna','Bourley','115-567-9704','rbourleyjv@psu.edu'),(717,'Eudora','Taffie','808-865-0321','etaffiejw@gov.uk'),(718,'Vita','Macartney','865-347-4875','vmacartneyjx@admin.ch'),(719,'Micky','Grastye','574-729-8338','mgrastyejy@blog.com'),(720,'Raffaello','Durden','735-235-2914','rdurdenjz@columbia.edu'),(721,'Franchot','Jouen','801-896-5671','fjouenk0@statcounter.com'),(722,'Jeanette','Holson','165-537-1857','jholsonk1@nbcnews.com'),(723,'Barbey','Wharram','742-644-2066','bwharramk2@unblog.fr'),(724,'Dimitry','Galletley','292-515-8854','dgalletleyk3@businesswire.com'),(725,'Kissiah','Walkingshaw','718-852-0764','kwalkingshawk4@admin.ch'),(726,'Rea','Dytham','363-440-2865','rdythamk5@studiopress.com'),(727,'Zachery','Emanuel','112-852-9698','zemanuelk6@huffingtonpost.com'),(728,'Chiquia','Paunsford','722-767-8122','cpaunsfordk7@usgs.gov'),(729,'Brod','Lawden','513-207-4377','blawdenk8@oracle.com'),(730,'Rorke','Mudge','535-488-6232','rmudgek9@army.mil'),(731,'Ros','Brody','817-937-0174','rbrodyka@comcast.net'),(732,'Heida','Shackleford','155-877-9040','hshacklefordkb@slashdot.org'),(733,'Henka','Side','993-348-0774','hsidekc@apache.org'),(734,'Seumas','Chinge','741-248-0753','schingekd@cnet.com'),(735,'Gerta','Bolino','217-264-7928','gbolinoke@cocolog-nifty.com'),(736,'Janet','Bril','651-334-1854','jbrilkf@homestead.com'),(737,'Kathrine','Twinbourne','787-453-3937','ktwinbournekg@elegantthemes.com'),(738,'Alli','Bucke','765-383-1041','abuckekh@huffingtonpost.com'),(739,'Gerrie','Bage','989-684-4138','gbageki@t.co'),(740,'Joaquin','Corden','168-349-0658','jcordenkj@nsw.gov.au'),(741,'Olga','Renshaw','346-579-3669','orenshawkk@mtv.com'),(742,'Thurstan','Peevor','892-776-5209','tpeevorkl@cmu.edu'),(743,'Pet','Suerz','860-477-9401','psuerzkm@jimdo.com'),(744,'Naomi','Shaw','560-495-2716','nshawkn@chicagotribune.com'),(745,'Julie','Phillpot','267-896-9527','jphillpotko@ted.com'),(746,'Tonya','Weippert','245-711-1451','tweippertkp@microsoft.com'),(747,'Bellina','Bellson','682-895-2359','bbellsonkq@cloudflare.com'),(748,'Dexter','Cloughton','363-280-6389','dcloughtonkr@phoca.cz'),(749,'Marthena','Starzaker','715-525-6589','mstarzakerks@apache.org'),(750,'Zacharias','Dunsmuir','106-337-8103','zdunsmuirkt@comsenz.com'),(751,'Hildegarde','Peatman','283-796-8982','hpeatmanku@cpanel.net'),(752,'Gerhardine','Lethby','241-240-0451','glethbykv@nih.gov'),(753,'Elena','Varcoe','310-622-7375','evarcoekw@yandex.ru'),(754,'Rufus','Challes','172-582-5155','rchalleskx@amazonaws.com'),(755,'Godwin','Leivers','731-577-2368','gleiversky@privacy.gov.au'),(756,'Vida','Gath','338-420-5600','vgathkz@mapy.cz'),(757,'Marnia','Howley','246-537-3386','mhowleyl0@geocities.jp'),(758,'Emelyne','Medling','780-675-1144','emedlingl1@miibeian.gov.cn'),(759,'Arlen','McCann','688-174-9983','amccannl2@slate.com'),(760,'Loella','Ianne','349-506-1071','liannel3@jalbum.net'),(761,'Kinna','Tegeller','360-439-1817','ktegellerl4@e-recht24.de'),(762,'My','Lieb','518-105-5340','mliebl5@bloglines.com'),(763,'Roma','Kassel','104-357-5253','rkassell6@prweb.com'),(764,'Renaud','Moisey','479-676-4640','rmoiseyl7@scribd.com'),(765,'Carly','Daniello','889-528-4515','cdaniellol8@geocities.jp'),(766,'Kienan','Tuckie','105-862-5270','ktuckiel9@cornell.edu'),(767,'Kizzee','Drache','995-557-3973','kdrachela@mlb.com'),(768,'Delano','Bernocchi','915-236-0737','dbernocchilb@tripod.com'),(769,'Monah','Woloschin','950-195-2836','mwoloschinlc@google.com.hk'),(770,'Lira','Fidler','750-940-9989','lfidlerld@over-blog.com'),(771,'Christabella','Blackford','263-548-2631','cblackfordle@nsw.gov.au'),(772,'Sydney','Swaddle','657-596-1839','sswaddlelf@redcross.org'),(773,'Joni','McRory','443-210-3627','jmcrorylg@illinois.edu'),(774,'Noami','Smetoun','812-569-5229','nsmetounlh@discuz.net'),(775,'Jesus','Stansell','942-631-1568','jstansellli@scribd.com'),(776,'Phil','Pardoe','101-954-5664','ppardoelj@salon.com'),(777,'Barry','Orrobin','688-481-1733','borrobinlk@omniture.com'),(778,'Marcile','Abela','115-770-1620','mabelall@cargocollective.com'),(779,'Early','Swate','314-404-3003','eswatelm@devhub.com'),(780,'Conrado','Kirwan','989-696-7629','ckirwanln@deliciousdays.com'),(781,'Casper','Baumann','359-123-4450','cbaumannlo@about.com'),(782,'Judon','Ende','853-918-6669','jendelp@topsy.com'),(783,'Fletcher','Ioannou','869-914-5954','fioannoulq@lulu.com'),(784,'Tiffani','Stiell','599-847-0106','tstielllr@google.ca'),(785,'Enrika','Vedenyakin','572-524-0651','evedenyakinls@mtv.com'),(786,'Tammara','Webben','780-905-0386','twebbenlt@irs.gov'),(787,'Antin','Hartshorn','150-436-6197','ahartshornlu@statcounter.com'),(788,'Cristal','Dami','469-613-2836','cdamilv@redcross.org'),(789,'Cindelyn','Pitt','251-474-6861','cpittlw@xing.com'),(790,'Putnem','Lintot','910-811-7754','plintotlx@creativecommons.org'),(791,'Laurene','Yannoni','404-978-8990','lyannonily@deliciousdays.com'),(792,'Conny','Cunliffe','895-442-4902','ccunliffelz@disqus.com'),(793,'Roldan','Arkow','374-841-8257','rarkowm0@apache.org'),(794,'Wendy','Elwood','798-764-5688','welwoodm1@1und1.de'),(795,'Dorotea','Yashaev','612-725-8785','dyashaevm2@craigslist.org'),(796,'Cecelia','Zannini','158-225-0135','czanninim3@un.org'),(797,'Arden','Datte','312-875-9819','adattem4@cdc.gov'),(798,'Lucia','Farady','749-318-5070','lfaradym5@disqus.com'),(799,'Allard','Spencley','307-745-4513','aspencleym6@livejournal.com'),(800,'Binni','Kolushev','157-484-8016','bkolushevm7@pen.io'),(801,'Towney','Kensit','795-792-8463','tkensitm8@bandcamp.com'),(802,'Rikki','Lacotte','988-543-9398','rlacottem9@vk.com'),(803,'Emanuel','Weekly','841-897-6633','eweeklyma@yahoo.co.jp'),(804,'Dennie','Colegrove','266-866-9290','dcolegrovemb@uiuc.edu'),(805,'Emlynn','Hillatt','958-304-0889','ehillattmc@mayoclinic.com'),(806,'Kathryne','Lapslie','537-636-6128','klapsliemd@addtoany.com'),(807,'Niki','Erwin','535-387-8862','nerwinme@themeforest.net'),(808,'Hill','Drane','700-822-6844','hdranemf@harvard.edu'),(809,'Lorry','Tindle','930-622-5410','ltindlemg@barnesandnoble.com'),(810,'Vin','Ors','149-849-9554','vorsmh@discovery.com'),(811,'Ado','Ivel','917-406-4929','aivelmi@redcross.org'),(812,'Maryann','Bouts','330-395-5990','mboutsmj@whitehouse.gov'),(813,'Mendie','Torrisi','803-151-4958','mtorrisimk@soundcloud.com'),(814,'Dorisa','O\'Loghlen','373-766-9155','dologhlenml@usatoday.com'),(815,'Emlyn','Bradden','251-303-9090','ebraddenmm@nbcnews.com'),(816,'Lucita','Newsham','941-546-1662','lnewshammn@wix.com'),(817,'Tirrell','Waltho','676-185-0876','twalthomo@yellowbook.com'),(818,'Ernesto','Tilne','421-467-4121','etilnemp@usatoday.com'),(819,'Rozalin','Wyson','989-393-5299','rwysonmq@naver.com'),(820,'Nara','Braven','455-916-2003','nbravenmr@godaddy.com'),(821,'Mechelle','de Quesne','546-502-8138','mdequesnems@about.me'),(822,'Cale','Silmon','230-699-1943','csilmonmt@about.me'),(823,'Ferrell','Lea','406-659-4929','fleamu@usa.gov'),(824,'Nico','Hufton','684-402-1932','nhuftonmv@foxnews.com'),(825,'Angeli','Summerell','385-443-2896','asummerellmw@theglobeandmail.com'),(826,'Odey','Wetter','174-659-5225','owettermx@google.com'),(827,'Ronalda','Houndson','859-176-0997','rhoundsonmy@addthis.com'),(828,'Vina','Crigin','131-852-0872','vcriginmz@accuweather.com'),(829,'Kalil','Skures','370-500-9956','kskuresn0@ycombinator.com'),(830,'Amalea','Deftie','907-690-5748','adeftien1@blogtalkradio.com'),(831,'Florian','Whillock','294-708-2255','fwhillockn2@samsung.com'),(832,'Wilek','Vant','671-462-9487','wvantn3@seattletimes.com'),(833,'Ezmeralda','Tunnacliffe','824-997-1840','etunnacliffen4@wisc.edu'),(834,'Gwyn','McKelvey','394-360-2617','gmckelveyn5@bluehost.com'),(835,'Billye','Duckit','624-117-5345','bduckitn6@angelfire.com'),(836,'Cole','Mulvaney','197-376-9378','cmulvaneyn7@dropbox.com'),(837,'Hoyt','Dennington','451-410-0793','hdenningtonn8@amazon.co.jp'),(838,'Maria','Strode','107-848-6696','mstroden9@github.com'),(839,'Emile','Mildenhall','271-529-1223','emildenhallna@bbc.co.uk'),(840,'Inglis','Leggett','692-363-9047','ileggettnb@answers.com'),(841,'Bendite','Georgeon','836-281-8234','bgeorgeonnc@dagondesign.com'),(842,'Dillon','Ghilks','631-469-3863','dghilksnd@europa.eu'),(843,'Xever','Warret','125-508-0543','xwarretne@bloglovin.com'),(844,'Maryanna','Cunniff','310-639-6308','mcunniffnf@mapy.cz'),(845,'Lorri','Reef','432-291-0151','lreefng@dyndns.org'),(846,'Cheston','Eake','346-455-6011','ceakenh@newsvine.com'),(847,'Clea','Lytell','742-333-8079','clytellni@posterous.com'),(848,'Jade','Luxford','768-474-7278','jluxfordnj@sourceforge.net'),(849,'Burtie','Sirmond','934-452-4141','bsirmondnk@icio.us'),(850,'Myrtice','Rumens','842-237-9171','mrumensnl@epa.gov'),(851,'Wenona','Carson','403-588-8246','wcarsonnm@accuweather.com'),(852,'Isidoro','Russo','101-602-6604','irussonn@sourceforge.net'),(853,'Johna','Olifard','271-403-0586','jolifardno@cdc.gov'),(854,'Melly','Gouldthorpe','621-334-3163','mgouldthorpenp@ow.ly'),(855,'Ezequiel','Bramont','989-968-5723','ebramontnq@xrea.com'),(856,'Sebastian','Gendrich','641-705-8669','sgendrichnr@woothemes.com'),(857,'Newton','Blaiklock','502-599-3264','nblaiklockns@phpbb.com'),(858,'Della','Setchell','756-689-4056','dsetchellnt@google.ca'),(859,'Kelsy','Dominka','698-561-6307','kdominkanu@tamu.edu'),(860,'Dexter','Shinner','575-280-8134','dshinnernv@istockphoto.com'),(861,'Dorri','McKeeman','888-775-4317','dmckeemannw@macromedia.com'),(862,'Christine','Mendel','993-508-3860','cmendelnx@google.com.hk'),(863,'Norina','Ryce','410-603-2569','nryceny@e-recht24.de'),(864,'Tory','Verity','888-209-1723','tveritynz@liveinternet.ru'),(865,'Israel','Gelsthorpe','477-458-4459','igelsthorpeo0@cornell.edu'),(866,'Shannan','MacDwyer','571-722-7862','smacdwyero1@youku.com'),(867,'Elie','Flack','713-663-2856','eflacko2@cnn.com'),(868,'Florentia','Stalman','131-191-6578','fstalmano3@goo.ne.jp'),(869,'Lucille','Dreng','659-164-2035','ldrengo4@pcworld.com'),(870,'Franky','FitzGeorge','969-822-4052','ffitzgeorgeo5@jimdo.com'),(871,'Mamie','Perrigo','798-163-4037','mperrigoo6@netlog.com'),(872,'Sauncho','Hogbourne','352-879-2167','shogbourneo7@ucoz.com'),(873,'Doria','Cripin','425-757-3650','dcripino8@cloudflare.com'),(874,'Myrtle','Yarnton','121-209-3573','myarntono9@skype.com'),(875,'Oby','Smeeth','525-828-7630','osmeethoa@cafepress.com'),(876,'Dyna','Breadmore','551-898-5325','dbreadmoreob@unc.edu'),(877,'Konstance','Leadbitter','932-897-5879','kleadbitteroc@plala.or.jp'),(878,'Carleen','Hayesman','715-544-7499','chayesmanod@earthlink.net'),(879,'Cosette','Reyner','716-375-5605','creyneroe@pen.io'),(880,'Zabrina','Traise','890-675-2628','ztraiseof@hc360.com'),(881,'Charlean','Batter','233-298-8974','cbatterog@de.vu'),(882,'Abbey','Maycey','869-638-9001','amayceyoh@netscape.com'),(883,'Gaby','Cratere','997-348-8488','gcratereoi@epa.gov'),(884,'Hermine','Snalham','734-741-4179','hsnalhamoj@over-blog.com'),(885,'Faunie','Houldcroft','786-328-4847','fhouldcroftok@cmu.edu'),(886,'Zaria','Filtness','362-543-4748','zfiltnessol@businessinsider.com'),(887,'Lizzy','Roskam','318-389-1492','lroskamom@odnoklassniki.ru'),(888,'Quintina','Gregol','823-291-0451','qgregolon@marketwatch.com'),(889,'Rayshell','Eilhersen','404-703-4580','reilhersenoo@spotify.com'),(890,'Kassie','Barter','365-524-4153','kbarterop@reuters.com'),(891,'Eachelle','Aspell','928-449-1747','easpelloq@quantcast.com'),(892,'Katee','Peagram','265-638-6881','kpeagramor@miitbeian.gov.cn'),(893,'Alleen','Malitrott','285-275-2508','amalitrottos@liveinternet.ru'),(894,'Georgia','Walkley','771-623-5455','gwalkleyot@4shared.com'),(895,'Corly','Boyde','576-231-2799','cboydeou@cbslocal.com'),(896,'Sollie','Dorbon','546-720-4514','sdorbonov@weibo.com'),(897,'Town','Tillett','598-656-3843','ttillettow@ifeng.com'),(898,'Kendell','Canham','186-227-8439','kcanhamox@slate.com'),(899,'Katlin','Eadmeads','263-291-7276','keadmeadsoy@theatlantic.com'),(900,'Carroll','Maynell','741-757-1692','cmaynelloz@timesonline.co.uk'),(901,'Aimil','Foye','447-156-7903','afoyep0@abc.net.au'),(902,'Nikolai','Reardon','480-279-5559','nreardonp1@angelfire.com'),(903,'Dalis','Gluyas','700-891-1844','dgluyasp2@prweb.com'),(904,'Clareta','Pigford','900-183-6932','cpigfordp3@dion.ne.jp'),(905,'Tobye','Cockett','597-240-4864','tcockettp4@foxnews.com'),(906,'Denys','Tidd','425-533-8918','dtiddp5@nydailynews.com'),(907,'Gizela','Medina','290-566-2164','gmedinap6@about.me'),(908,'Jermain','Sudlow','462-226-8633','jsudlowp7@opensource.org'),(909,'Garrard','Wedon','875-338-0215','gwedonp8@nyu.edu'),(910,'Dorolice','Wookey','141-251-5499','dwookeyp9@wufoo.com'),(911,'Noel','Makeswell','315-589-4336','nmakeswellpa@weebly.com'),(912,'Roosevelt','Jeynes','695-100-9247','rjeynespb@networkadvertising.org'),(913,'Kristos','Fawdrie','243-913-4590','kfawdriepc@t.co'),(914,'Kahlil','Maykin','376-350-8364','kmaykinpd@naver.com'),(915,'Gracie','Olden','864-349-4164','goldenpe@live.com'),(916,'Netti','Gadsdon','517-985-4920','ngadsdonpf@twitpic.com'),(917,'Flory','Beddingham','950-842-8346','fbeddinghampg@accuweather.com'),(918,'Alford','Valente','933-634-5899','avalenteph@umich.edu'),(919,'Josi','Pardie','387-199-6406','jpardiepi@taobao.com'),(920,'Lynnette','Sadd','500-190-4627','lsaddpj@printfriendly.com'),(921,'Raffarty','Wines','560-717-0131','rwinespk@census.gov'),(922,'Malcolm','De Paepe','761-642-1697','mdepaepepl@dyndns.org'),(923,'Ivar','Jersch','434-469-6923','ijerschpm@uol.com.br'),(924,'Aliza','Penwarden','830-494-8102','apenwardenpn@yale.edu'),(925,'Hale','Perillio','569-808-2997','hperilliopo@goo.ne.jp'),(926,'Oby','Cranson','855-192-5887','ocransonpp@weebly.com'),(927,'Murdoch','Enderson','910-957-8451','mendersonpq@apple.com'),(928,'Phylys','Danahar','734-772-9600','pdanaharpr@narod.ru'),(929,'Paola','Janacek','978-846-3846','pjanacekps@blinklist.com'),(930,'Delinda','Ravilus','229-369-2303','draviluspt@google.ru'),(931,'Edee','Kestell','118-111-8834','ekestellpu@sina.com.cn'),(932,'Leslie','Limer','602-686-2413','llimerpv@berkeley.edu'),(933,'Shirline','Walrond','684-796-0552','swalrondpw@furl.net'),(934,'Kasey','Strangward','588-898-1849','kstrangwardpx@360.cn'),(935,'Lucretia','Thunders','236-754-6898','lthunderspy@blogger.com'),(936,'Erasmus','Peeke','412-571-4169','epeekepz@studiopress.com'),(937,'Gerome','Dameisele','330-835-3258','gdameiseleq0@blogs.com'),(938,'Mathias','Kimmings','556-129-7466','mkimmingsq1@vistaprint.com'),(939,'Gretal','Nunnerley','663-195-6840','gnunnerleyq2@reverbnation.com'),(940,'Bethena','Piletic','608-751-1478','bpileticq3@163.com'),(941,'Dev','Hares','131-179-1499','dharesq4@zdnet.com'),(942,'Hollis','Borzoni','397-535-7275','hborzoniq5@soundcloud.com'),(943,'Caz','Housen','584-921-8967','chousenq6@msn.com'),(944,'Dyanne','Velareal','476-575-1075','dvelarealq7@hao123.com'),(945,'Elie','Domenget','818-768-7440','edomengetq8@soundcloud.com'),(946,'Em','Hollebon','897-437-5865','ehollebonq9@yandex.ru'),(947,'Alard','Gartshore','484-217-9937','agartshoreqa@moonfruit.com'),(948,'Avis','Wloch','338-654-6959','awlochqb@stanford.edu'),(949,'Alano','Walas','226-134-8858','awalasqc@addtoany.com'),(950,'Roderich','Natwick','485-207-6556','rnatwickqd@digg.com'),(951,'Lorilee','Faulds','570-592-2672','lfauldsqe@paginegialle.it'),(952,'Cori','Seabrook','569-545-1713','cseabrookqf@google.cn'),(953,'Eb','Hollows','829-881-6255','ehollowsqg@jiathis.com'),(954,'Shena','Lunnon','557-323-6801','slunnonqh@bloomberg.com'),(955,'Webb','Revans','700-999-4094','wrevansqi@cisco.com'),(956,'Gery','Corkett','919-788-7187','gcorkettqj@qq.com'),(957,'Graig','Judkins','229-302-3200','gjudkinsqk@fda.gov'),(958,'Basil','O\'Suaird','737-517-4411','bosuairdql@japanpost.jp'),(959,'Tristam','Burtenshaw','662-612-6293','tburtenshawqm@phoca.cz'),(960,'Ardath','Scurrell','149-257-4618','ascurrellqn@house.gov'),(961,'Malina','Fessby','262-326-4549','mfessbyqo@indiatimes.com'),(962,'Davine','Josselsohn','358-362-1539','djosselsohnqp@slashdot.org'),(963,'Hanson','Luxton','614-741-7732','hluxtonqq@wsj.com'),(964,'Thane','Wasmer','459-995-2213','twasmerqr@wikia.com'),(965,'Carol-jean','Bramley','932-429-0385','cbramleyqs@friendfeed.com'),(966,'Gwenora','Kirkness','189-493-2732','gkirknessqt@aboutads.info'),(967,'Stephanie','Ellacott','404-730-8529','sellacottqu@mayoclinic.com'),(968,'Paulita','Buckney','577-522-5557','pbuckneyqv@arizona.edu'),(969,'Darcy','Cardo','893-428-3336','dcardoqw@bing.com'),(970,'Chen','Rubinovitch','589-144-3641','crubinovitchqx@furl.net'),(971,'Penny','Walling','575-769-6069','pwallingqy@hubpages.com'),(972,'Grantley','Gerardin','941-979-3581','ggerardinqz@hubpages.com'),(973,'Vale','Andreassen','998-670-1991','vandreassenr0@woothemes.com'),(974,'Margy','Munford','630-736-2214','mmunfordr1@timesonline.co.uk'),(975,'Ruddie','Mundwell','469-957-5799','rmundwellr2@networksolutions.com'),(976,'Etti','Gronauer','439-476-4725','egronauerr3@amazonaws.com'),(977,'Albert','Powder','282-635-4581','apowderr4@imageshack.us'),(978,'Davy','Gooderidge','202-143-1574','dgooderidger5@amazon.co.uk'),(979,'Ezekiel','Curr','759-604-6232','ecurrr6@51.la'),(980,'Dena','Burnep','492-286-3513','dburnepr7@yellowbook.com'),(981,'Patty','Oxer','292-912-7038','poxerr8@dmoz.org'),(982,'Gipsy','Gatley','508-233-0512','ggatleyr9@nymag.com'),(983,'Esmaria','Rubenovic','285-440-3543','erubenovicra@opensource.org'),(984,'Marjie','Chesser','317-180-4824','mchesserrb@ifeng.com'),(985,'Quinn','Dawdry','135-405-9793','qdawdryrc@g.co'),(986,'Siusan','Jehu','752-707-4485','sjehurd@fema.gov'),(987,'Tracie','Arkow','554-737-4086','tarkowre@yandex.ru'),(988,'Blair','Spawforth','175-886-0980','bspawforthrf@elpais.com'),(989,'Kim','Spadotto','497-957-8342','kspadottorg@wunderground.com'),(990,'Nathanil','Brawn','435-294-3301','nbrawnrh@webmd.com'),(991,'Vaclav','Castelain','584-302-8622','vcastelainri@dailymail.co.uk'),(992,'Darya','Rappa','671-469-1543','drapparj@cbslocal.com'),(993,'Chiarra','Dutt','123-835-0922','cduttrk@usgs.gov'),(994,'Elnar','Fiddy','851-500-7733','efiddyrl@deviantart.com'),(995,'Vanny','Milier','858-373-1895','vmilierrm@bluehost.com'),(996,'Auberta','Ruppele','527-573-6479','aruppelern@howstuffworks.com'),(997,'Janel','Dabner','343-585-3752','jdabnerro@slate.com'),(998,'Humfrey','Flannery','419-643-8097','hflanneryrp@clickbank.net'),(999,'Marieann','Saltrese','290-323-2390','msaltreserq@marketwatch.com'),(1000,'Isiahi','Jansie','257-881-5336','ijansierr@stumbleupon.com');
/*!40000 ALTER TABLE `customers` ENABLE KEYS */;
UNLOCK TABLES;

--
-- Table structure for table `invoice_items`
--

DROP TABLE IF EXISTS `invoice_items`;
/*!40101 SET @saved_cs_client     = @@character_set_client */;
/*!50503 SET character_set_client = utf8mb4 */;
CREATE TABLE `invoice_items` (
  `invoice_line_id` int NOT NULL AUTO_INCREMENT,
  `invoice_id` int NOT NULL,
  `item_id` int NOT NULL,
  `quantity` int NOT NULL,
  PRIMARY KEY (`invoice_line_id`),
  KEY `invoice_items_FK` (`invoice_id`),
  KEY `invoice_items_FK_2` (`item_id`),
  CONSTRAINT `invoice_items_FK` FOREIGN KEY (`invoice_id`) REFERENCES `invoices` (`invoice_id`) ON DELETE RESTRICT ON UPDATE RESTRICT,
  CONSTRAINT `invoice_items_FK_1` FOREIGN KEY (`item_id`) REFERENCES `product_items` (`item_id`) ON DELETE RESTRICT ON UPDATE RESTRICT,
  CONSTRAINT `invoice_items_FK_2` FOREIGN KEY (`item_id`) REFERENCES `product_items` (`item_id`) ON DELETE RESTRICT ON UPDATE RESTRICT
) ENGINE=InnoDB AUTO_INCREMENT=2001 DEFAULT CHARSET=utf8mb4 COLLATE=utf8mb4_0900_ai_ci;
/*!40101 SET character_set_client = @saved_cs_client */;

--
-- Dumping data for table `invoice_items`
--

LOCK TABLES `invoice_items` WRITE;
/*!40000 ALTER TABLE `invoice_items` DISABLE KEYS */;
INSERT INTO `invoice_items` VALUES (1,349,6,2),(2,122,23,1),(3,12,14,5),(4,440,29,3),(5,489,21,1),(6,308,23,5),(7,485,1,4),(8,233,32,2),(9,256,12,3),(10,264,22,1),(11,368,48,2),(12,158,10,2),(13,159,35,1),(14,487,16,5),(15,46,41,1),(16,457,46,2),(17,417,45,1),(18,401,5,4),(19,358,13,4),(20,352,41,5),(21,319,11,5),(22,317,1,5),(23,140,1,2),(24,74,39,1),(25,233,40,2),(26,93,43,4),(27,432,35,1),(28,37,19,1),(29,379,1,1),(30,482,8,3),(31,331,7,5),(32,372,26,4),(33,182,1,4),(34,105,5,1),(35,251,6,5),(36,183,38,2),(37,247,6,4),(38,111,29,5),(39,245,47,2),(40,365,23,2),(41,198,50,3),(42,264,2,2),(43,293,29,3),(44,108,44,2),(45,326,9,2),(46,49,31,1),(47,39,32,1),(48,448,40,1),(49,441,18,1),(50,29,21,3),(51,105,8,5),(52,209,5,1),(53,32,35,2),(54,429,36,1),(55,313,22,2),(56,255,50,3),(57,277,11,3),(58,40,41,5),(59,427,27,5),(60,392,49,3),(61,495,41,3),(62,63,50,4),(63,350,4,2),(64,485,44,1),(65,467,35,4),(66,469,30,1),(67,140,48,3),(68,336,47,3),(69,360,5,3),(70,198,39,5),(71,238,46,1),(72,83,4,3),(73,184,43,1),(74,446,19,2),(75,388,20,2),(76,399,8,2),(77,57,50,5),(78,290,32,4),(79,450,48,2),(80,37,6,5),(81,105,3,4),(82,97,9,4),(83,293,33,5),(84,54,23,4),(85,428,42,3),(86,405,46,2),(87,140,37,5),(88,337,14,3),(89,98,21,5),(90,8,45,4),(91,492,28,5),(92,458,15,5),(93,15,40,3),(94,195,44,1),(95,337,8,4),(96,255,8,2),(97,292,18,4),(98,481,4,5),(99,186,4,1),(100,356,23,3),(101,57,41,2),(102,15,12,1),(103,10,42,4),(104,391,33,4),(105,481,37,3),(106,475,41,2),(107,468,29,5),(108,327,46,2),(109,184,26,5),(110,177,45,5),(111,151,12,1),(112,349,16,4),(113,330,42,3),(114,389,17,3),(115,129,14,5),(116,6,9,5),(117,115,9,3),(118,108,27,2),(119,454,17,3),(120,357,17,5),(121,148,11,3),(122,128,43,3),(123,105,25,3),(124,71,40,2),(125,369,5,3),(126,356,50,4),(127,102,37,2),(128,419,43,2),(129,301,11,1),(130,288,20,5),(131,16,15,1),(132,480,25,3),(133,355,32,1),(134,446,23,3),(135,42,42,5),(136,403,37,3),(137,450,18,3),(138,34,9,4),(139,339,27,2),(140,107,49,3),(141,400,42,2),(142,365,13,2),(143,444,12,2),(144,408,6,4),(145,430,27,2),(146,374,10,2),(147,419,28,2),(148,1,33,2),(149,232,20,4),(150,344,7,1),(151,427,36,4),(152,230,42,4),(153,220,18,5),(154,424,4,5),(155,421,3,3),(156,155,47,5),(157,333,5,2),(158,304,12,2),(159,424,1,3),(160,260,39,1),(161,198,15,4),(162,47,50,4),(163,379,37,3),(164,74,26,1),(165,102,27,2),(166,416,48,5),(167,355,41,2),(168,248,40,2),(169,457,49,4),(170,81,35,3),(171,87,39,5),(172,68,15,3),(173,164,24,3),(174,485,37,4),(175,61,39,5),(176,98,27,3),(177,319,29,4),(178,296,28,1),(179,45,41,5),(180,239,13,5),(181,160,50,5),(182,88,16,3),(183,28,31,3),(184,345,25,4),(185,430,46,3),(186,38,29,4),(187,352,42,1),(188,118,3,5),(189,434,19,5),(190,301,27,4),(191,153,31,1),(192,386,49,4),(193,500,39,4),(194,455,17,4),(195,220,32,4),(196,196,37,3),(197,39,13,3),(198,454,10,3),(199,77,25,4),(200,363,39,4),(201,395,48,5),(202,297,29,4),(203,342,18,2),(204,203,11,4),(205,121,49,4),(206,487,39,1),(207,320,31,2),(208,500,42,5),(209,489,38,5),(210,408,21,4),(211,18,30,5),(212,194,42,5),(213,136,23,5),(214,14,39,4),(215,440,43,4),(216,188,8,2),(217,90,4,4),(218,191,32,2),(219,484,23,4),(220,13,4,5),(221,7,18,4),(222,450,13,5),(223,163,21,5),(224,417,3,4),(225,107,26,3),(226,492,43,5),(227,269,20,1),(228,106,38,2),(229,240,22,3),(230,416,46,3),(231,20,23,4),(232,50,21,3),(233,491,21,2),(234,351,22,1),(235,377,13,1),(236,93,30,4),(237,246,29,4),(238,377,32,5),(239,400,5,5),(240,87,2,3),(241,228,17,5),(242,284,16,1),(243,95,21,1),(244,66,22,2),(245,332,50,5),(246,38,11,3),(247,455,39,5),(248,200,31,4),(249,209,33,4),(250,112,45,1),(251,88,50,3),(252,38,4,1),(253,219,38,1),(254,253,29,3),(255,410,36,5),(256,274,18,4),(257,215,4,3),(258,247,16,2),(259,397,12,2),(260,427,34,5),(261,484,9,2),(262,379,37,5),(263,325,42,4),(264,139,39,2),(265,130,16,5),(266,496,42,2),(267,233,40,1),(268,132,19,3),(269,179,37,4),(270,455,45,5),(271,235,34,1),(272,293,12,2),(273,163,1,2),(274,38,42,4),(275,177,31,4),(276,102,35,3),(277,81,46,5),(278,267,15,1),(279,366,34,3),(280,58,26,5),(281,108,37,1),(282,207,8,2),(283,57,10,5),(284,318,33,5),(285,124,16,1),(286,302,30,1),(287,60,33,4),(288,422,12,1),(289,135,26,4),(290,172,41,4),(291,274,34,3),(292,50,46,5),(293,321,37,1),(294,222,25,3),(295,217,23,5),(296,160,15,4),(297,337,48,1),(298,24,12,5),(299,41,19,4),(300,94,36,2),(301,368,18,2),(302,48,15,5),(303,251,4,5),(304,244,15,4),(305,314,39,3),(306,35,9,2),(307,250,45,4),(308,75,18,2),(309,403,23,4),(310,453,4,2),(311,351,9,2),(312,431,50,2),(313,129,50,3),(314,189,43,2),(315,474,5,5),(316,486,32,4),(317,452,29,3),(318,253,12,4),(319,405,37,1),(320,132,39,5),(321,54,19,4),(322,178,38,5),(323,53,30,2),(324,1,37,5),(325,392,34,4),(326,284,29,4),(327,92,47,3),(328,471,2,5),(329,107,28,2),(330,494,16,1),(331,345,19,4),(332,107,19,4),(333,409,23,5),(334,387,48,3),(335,497,48,5),(336,426,23,4),(337,79,15,1),(338,462,16,5),(339,19,37,1),(340,483,33,5),(341,388,42,1),(342,489,41,4),(343,334,1,5),(344,221,33,3),(345,70,7,5),(346,172,26,4),(347,8,25,3),(348,72,41,5),(349,307,31,5),(350,210,37,2),(351,483,45,5),(352,445,21,5),(353,107,41,3),(354,348,32,5),(355,397,37,4),(356,492,18,4),(357,294,24,3),(358,255,41,1),(359,320,23,3),(360,30,40,5),(361,378,6,5),(362,477,44,2),(363,282,31,3),(364,48,41,2),(365,461,8,4),(366,487,8,4),(367,72,42,2),(368,160,46,2),(369,253,25,1),(370,351,46,2),(371,234,26,5),(372,343,20,2),(373,91,9,3),(374,327,40,2),(375,372,11,4),(376,157,12,1),(377,422,14,3),(378,496,8,4),(379,274,14,3),(380,141,40,5),(381,36,44,2),(382,436,10,3),(383,282,40,5),(384,137,7,4),(385,42,5,3),(386,287,14,1),(387,227,28,1),(388,73,27,5),(389,350,8,3),(390,399,32,4),(391,352,1,4),(392,378,18,4),(393,372,48,5),(394,261,9,5),(395,123,50,2),(396,389,36,5),(397,494,16,5),(398,496,5,4),(399,430,1,4),(400,122,26,4),(401,216,15,1),(402,454,6,1),(403,418,25,4),(404,114,10,1),(405,1,43,3),(406,228,30,5),(407,184,27,4),(408,94,12,5),(409,408,7,5),(410,47,33,3),(411,306,43,1),(412,442,30,1),(413,327,46,2),(414,378,15,5),(415,445,3,4),(416,85,32,3),(417,34,33,4),(418,369,17,2),(419,338,12,1),(420,448,47,5),(421,117,41,4),(422,214,21,5),(423,45,10,3),(424,193,30,3),(425,402,6,3),(426,163,43,1),(427,140,33,1),(428,184,39,5),(429,487,12,1),(430,468,13,1),(431,219,11,1),(432,84,38,5),(433,217,14,1),(434,385,37,1),(435,244,49,3),(436,82,9,3),(437,315,20,5),(438,436,25,5),(439,444,48,1),(440,104,32,5),(441,63,31,1),(442,357,29,1),(443,133,12,1),(444,447,21,5),(445,433,3,5),(446,142,10,3),(447,222,33,2),(448,485,9,3),(449,160,42,3),(450,345,28,1),(451,280,29,1),(452,109,16,3),(453,206,47,4),(454,127,33,3),(455,499,33,2),(456,412,24,4),(457,295,31,4),(458,21,36,5),(459,405,10,2),(460,269,5,2),(461,274,3,5),(462,36,26,5),(463,43,15,5),(464,37,19,4),(465,90,21,3),(466,374,32,4),(467,439,2,4),(468,446,34,4),(469,111,24,2),(470,105,23,3),(471,419,30,1),(472,310,36,4),(473,45,9,3),(474,74,45,5),(475,452,4,5),(476,21,32,4),(477,224,2,4),(478,11,47,5),(479,276,9,2),(480,482,44,5),(481,186,49,1),(482,29,29,5),(483,454,42,4),(484,334,12,3),(485,420,2,5),(486,377,32,2),(487,115,1,4),(488,224,33,1),(489,148,23,5),(490,416,22,3),(491,100,9,3),(492,200,15,1),(493,292,36,3),(494,134,23,5),(495,254,3,4),(496,352,31,5),(497,186,17,3),(498,95,47,1),(499,289,18,4),(500,145,36,2),(501,106,30,1),(502,97,44,3),(503,116,22,4),(504,135,34,2),(505,53,23,1),(506,349,36,4),(507,209,36,1),(508,403,47,5),(509,202,42,2),(510,479,15,4),(511,423,25,4),(512,157,29,2),(513,86,36,1),(514,370,32,5),(515,364,12,2),(516,435,41,4),(517,52,8,4),(518,452,37,2),(519,87,8,3),(520,237,45,5),(521,232,31,1),(522,154,40,4),(523,229,42,4),(524,227,21,4),(525,445,4,5),(526,321,22,3),(527,454,4,3),(528,481,13,1),(529,356,11,2),(530,356,20,1),(531,27,21,2),(532,494,6,4),(533,126,34,5),(534,334,25,5),(535,299,12,1),(536,494,43,1),(537,4,39,3),(538,216,13,5),(539,140,29,2),(540,101,17,3),(541,155,6,1),(542,74,50,3),(543,140,44,5),(544,221,3,1),(545,343,11,5),(546,435,50,1),(547,130,43,5),(548,34,19,1),(549,353,43,1),(550,372,38,5),(551,370,13,5),(552,134,46,1),(553,44,43,4),(554,437,9,5),(555,176,7,1),(556,103,23,1),(557,220,42,1),(558,77,2,5),(559,450,18,3),(560,469,39,2),(561,199,34,3),(562,162,48,2),(563,32,30,4),(564,99,10,5),(565,188,16,3),(566,321,14,4),(567,11,18,1),(568,468,34,2),(569,43,3,5),(570,311,4,2),(571,442,34,5),(572,100,12,2),(573,292,20,2),(574,251,29,4),(575,499,4,5),(576,318,4,2),(577,80,49,5),(578,296,27,4),(579,139,40,2),(580,458,13,4),(581,167,14,1),(582,92,38,4),(583,137,48,3),(584,134,20,3),(585,61,4,4),(586,114,47,1),(587,258,48,3),(588,412,19,2),(589,447,22,1),(590,156,2,3),(591,333,7,2),(592,88,16,5),(593,280,23,1),(594,244,5,2),(595,225,2,5),(596,34,8,3),(597,198,23,1),(598,347,30,5),(599,405,26,5),(600,468,40,4),(601,305,20,3),(602,99,29,4),(603,148,3,5),(604,333,28,5),(605,77,21,1),(606,128,22,3),(607,142,8,3),(608,122,24,2),(609,376,21,2),(610,134,39,2),(611,349,33,5),(612,416,48,2),(613,343,46,1),(614,12,27,1),(615,463,17,3),(616,53,24,5),(617,79,39,4),(618,374,35,5),(619,6,31,1),(620,389,31,1),(621,454,23,5),(622,101,32,1),(623,290,11,2),(624,465,19,4),(625,428,33,4),(626,160,31,4),(627,403,8,1),(628,500,48,5),(629,329,25,2),(630,86,10,2),(631,239,14,4),(632,150,31,4),(633,422,23,5),(634,159,21,1),(635,169,4,3),(636,484,42,3),(637,478,34,3),(638,489,19,1),(639,206,29,4),(640,331,16,3),(641,27,46,2),(642,455,32,4),(643,18,30,4),(644,389,11,5),(645,196,26,5),(646,389,28,1),(647,285,36,1),(648,499,50,4),(649,340,40,4),(650,257,22,4),(651,452,40,3),(652,245,46,3),(653,174,29,4),(654,356,6,2),(655,479,11,1),(656,72,1,1),(657,418,13,4),(658,198,9,3),(659,418,48,5),(660,173,44,5),(661,401,21,3),(662,181,28,2),(663,266,31,1),(664,415,37,1),(665,11,6,4),(666,414,18,5),(667,48,13,5),(668,250,25,2),(669,440,24,5),(670,499,22,1),(671,102,17,3),(672,164,17,4),(673,458,30,4),(674,443,39,4),(675,168,29,3),(676,465,47,2),(677,444,34,2),(678,18,40,1),(679,229,9,4),(680,317,43,4),(681,471,22,3),(682,462,6,4),(683,298,31,1),(684,221,14,4),(685,403,34,4),(686,126,7,4),(687,171,9,1),(688,27,26,5),(689,153,41,1),(690,339,43,4),(691,444,7,1),(692,489,26,1),(693,376,25,3),(694,322,5,5),(695,289,16,5),(696,429,1,4),(697,239,47,1),(698,39,6,1),(699,403,43,1),(700,14,41,1),(701,304,27,1),(702,369,10,3),(703,171,25,5),(704,354,26,4),(705,71,1,1),(706,68,22,5),(707,115,9,1),(708,92,29,2),(709,231,47,1),(710,58,48,3),(711,144,13,4),(712,192,37,2),(713,370,16,1),(714,425,19,3),(715,130,23,5),(716,275,23,2),(717,268,21,2),(718,292,16,1),(719,433,44,1),(720,47,26,4),(721,61,9,2),(722,41,21,5),(723,84,31,2),(724,268,28,4),(725,171,6,2),(726,415,12,3),(727,91,1,5),(728,372,11,1),(729,157,2,1),(730,48,26,1),(731,476,22,1),(732,445,14,4),(733,31,26,5),(734,350,24,1),(735,266,20,1),(736,481,25,2),(737,254,18,1),(738,339,8,2),(739,303,14,5),(740,385,24,1),(741,31,23,4),(742,351,36,2),(743,40,6,3),(744,38,49,2),(745,420,35,5),(746,342,4,3),(747,479,46,1),(748,474,40,4),(749,302,5,1),(750,447,45,4),(751,340,2,3),(752,420,31,5),(753,133,36,1),(754,123,31,2),(755,89,5,5),(756,345,15,1),(757,325,44,3),(758,114,43,1),(759,149,42,4),(760,12,33,4),(761,273,27,5),(762,250,38,2),(763,380,50,5),(764,252,44,4),(765,21,47,4),(766,446,28,5),(767,69,13,5),(768,403,9,3),(769,497,16,1),(770,37,16,4),(771,190,37,1),(772,6,16,2),(773,218,8,1),(774,160,31,4),(775,281,9,5),(776,479,37,1),(777,60,4,3),(778,362,1,5),(779,28,18,2),(780,404,26,2),(781,38,29,3),(782,207,5,3),(783,487,36,4),(784,99,18,4),(785,152,18,5),(786,370,9,5),(787,368,10,3),(788,393,34,5),(789,486,7,4),(790,137,38,3),(791,162,50,1),(792,31,7,1),(793,87,32,1),(794,453,12,5),(795,256,37,5),(796,186,48,3),(797,449,38,3),(798,205,23,3),(799,197,23,4),(800,294,42,2),(801,381,4,4),(802,63,17,3),(803,94,8,1),(804,217,2,1),(805,27,16,3),(806,391,18,3),(807,144,2,5),(808,19,13,5),(809,434,3,4),(810,115,23,1),(811,149,26,2),(812,411,23,5),(813,232,5,2),(814,491,7,4),(815,107,9,5),(816,245,25,3),(817,346,17,5),(818,390,26,3),(819,378,36,2),(820,335,14,5),(821,231,43,3),(822,419,38,2),(823,99,1,5),(824,433,38,3),(825,118,20,5),(826,397,27,3),(827,479,30,2),(828,102,24,4),(829,340,32,2),(830,318,39,4),(831,159,4,1),(832,235,31,1),(833,164,1,1),(834,259,13,4),(835,442,11,4),(836,293,49,2),(837,489,19,1),(838,347,6,2),(839,479,28,3),(840,155,22,5),(841,260,46,3),(842,185,24,1),(843,225,3,1),(844,410,40,1),(845,448,23,3),(846,438,25,2),(847,391,2,3),(848,239,21,3),(849,154,42,5),(850,248,26,1),(851,443,21,4),(852,149,29,3),(853,244,15,1),(854,262,25,1),(855,267,15,5),(856,77,49,2),(857,207,26,2),(858,167,2,1),(859,62,45,4),(860,450,7,4),(861,310,5,2),(862,266,41,2),(863,120,9,3),(864,142,40,4),(865,93,34,2),(866,253,22,3),(867,109,46,1),(868,356,4,4),(869,441,46,4),(870,485,49,3),(871,494,48,3),(872,285,41,2),(873,43,45,5),(874,419,3,4),(875,129,40,2),(876,143,25,1),(877,144,19,4),(878,255,50,4),(879,226,18,2),(880,321,48,1),(881,401,9,2),(882,403,12,1),(883,49,28,3),(884,500,30,1),(885,336,42,5),(886,420,41,5),(887,126,22,1),(888,192,4,1),(889,358,31,4),(890,255,34,2),(891,329,18,5),(892,187,3,5),(893,396,42,4),(894,481,30,2),(895,482,6,5),(896,264,28,3),(897,91,18,4),(898,94,22,2),(899,10,41,5),(900,64,40,3),(901,295,11,4),(902,80,35,2),(903,392,35,1),(904,69,33,5),(905,350,44,3),(906,220,30,3),(907,392,32,3),(908,15,19,1),(909,414,36,5),(910,460,34,5),(911,223,9,2),(912,320,16,2),(913,196,3,5),(914,420,6,2),(915,463,45,4),(916,30,20,5),(917,124,31,1),(918,363,43,3),(919,49,9,3),(920,229,15,5),(921,268,36,4),(922,201,15,3),(923,267,41,5),(924,92,23,1),(925,459,31,5),(926,444,31,4),(927,196,28,3),(928,5,1,5),(929,145,34,1),(930,2,26,3),(931,355,13,1),(932,485,26,4),(933,18,29,4),(934,66,47,2),(935,111,23,2),(936,380,7,5),(937,260,34,3),(938,83,28,5),(939,470,38,3),(940,20,12,2),(941,1,34,1),(942,123,13,2),(943,104,10,3),(944,392,37,4),(945,227,28,2),(946,149,8,2),(947,364,6,2),(948,151,33,2),(949,120,12,4),(950,456,34,2),(951,33,30,5),(952,487,49,3),(953,309,29,5),(954,311,24,2),(955,28,34,3),(956,460,18,4),(957,267,31,5),(958,17,25,1),(959,229,33,1),(960,372,35,2),(961,296,35,3),(962,227,45,1),(963,478,9,1),(964,306,10,3),(965,86,37,5),(966,369,9,4),(967,418,11,3),(968,247,40,2),(969,111,36,2),(970,236,48,4),(971,249,3,3),(972,95,47,4),(973,159,24,3),(974,366,36,2),(975,55,28,1),(976,435,19,3),(977,475,20,4),(978,343,4,4),(979,46,50,2),(980,166,32,2),(981,472,19,4),(982,395,22,3),(983,135,13,5),(984,438,33,1),(985,174,28,3),(986,87,3,4),(987,352,7,5),(988,349,17,4),(989,435,4,4),(990,482,8,4),(991,197,26,1),(992,376,10,5),(993,71,44,3),(994,374,28,3),(995,227,31,4),(996,146,6,2),(997,168,44,3),(998,437,47,1),(999,199,37,2),(1000,476,6,4),(1001,917,60,3),(1002,684,92,6),(1003,607,63,7),(1004,878,63,7),(1005,959,53,5),(1006,858,55,4),(1007,846,59,7),(1008,853,65,5),(1009,914,77,5),(1010,691,83,6),(1011,726,87,8),(1012,693,92,3),(1013,607,70,9),(1014,756,90,5),(1015,931,66,6),(1016,919,92,3),(1017,661,74,3),(1018,933,89,5),(1019,766,85,7),(1020,959,95,5),(1021,560,63,7),(1022,559,86,9),(1023,685,56,5),(1024,679,94,8),(1025,554,57,5),(1026,863,53,3),(1027,758,52,8),(1028,804,59,3),(1029,568,64,4),(1030,865,57,3),(1031,579,70,6),(1032,875,74,3),(1033,992,78,4),(1034,550,92,6),(1035,684,81,7),(1036,688,85,9),(1037,840,69,4),(1038,592,79,3),(1039,502,60,3),(1040,912,98,8),(1041,951,53,4),(1042,870,79,8),(1043,872,84,6),(1044,964,90,3),(1045,774,88,6),(1046,728,77,7),(1047,518,66,7),(1048,936,81,5),(1049,917,73,6),(1050,906,52,4),(1051,907,79,4),(1052,618,94,4),(1053,719,67,5),(1054,707,90,6),(1055,684,93,3),(1056,824,96,8),(1057,964,73,6),(1058,775,87,7),(1059,996,69,8),(1060,793,85,7),(1061,550,59,6),(1062,655,89,7),(1063,639,67,3),(1064,967,89,4),(1065,737,78,8),(1066,888,98,3),(1067,501,97,5),(1068,521,71,4),(1069,576,72,4),(1070,663,57,4),(1071,954,88,6),(1072,999,75,9),(1073,902,73,6),(1074,990,94,6),(1075,600,83,3),(1076,588,72,6),(1077,777,77,3),(1078,719,75,7),(1079,542,53,4),(1080,979,85,7),(1081,745,54,3),(1082,804,87,6),(1083,694,71,4),(1084,693,72,6),(1085,862,57,8),(1086,616,76,5),(1087,987,98,3),(1088,953,62,9),(1089,781,60,5),(1090,721,98,7),(1091,991,55,3),(1092,516,58,8),(1093,524,84,6),(1094,693,87,3),(1095,834,84,3),(1096,648,95,5),(1097,697,64,9),(1098,573,99,5),(1099,991,62,4),(1100,577,52,7),(1101,652,93,4),(1102,588,100,3),(1103,816,77,7),(1104,890,90,7),(1105,748,85,3),(1106,594,80,5),(1107,882,84,3),(1108,714,99,9),(1109,571,67,3),(1110,845,51,3),(1111,551,65,6),(1112,943,60,9),(1113,783,56,6),(1114,827,80,4),(1115,818,72,7),(1116,510,64,6),(1117,539,63,3),(1118,651,75,8),(1119,779,51,7),(1120,634,66,7),(1121,645,82,5),(1122,959,88,6),(1123,677,88,8),(1124,897,85,7),(1125,574,100,6),(1126,894,73,3),(1127,930,55,3),(1128,964,65,7),(1129,562,89,6),(1130,820,85,6),(1131,859,90,5),(1132,765,78,3),(1133,871,85,9),(1134,863,71,8),(1135,534,54,7),(1136,983,72,7),(1137,501,92,4),(1138,752,69,3),(1139,723,99,8),(1140,776,84,9),(1141,979,86,4),(1142,867,59,6),(1143,990,61,4),(1144,970,82,9),(1145,756,60,7),(1146,643,98,7),(1147,937,80,6),(1148,819,98,9),(1149,695,67,3),(1150,968,68,3),(1151,933,74,4),(1152,768,94,6),(1153,579,95,3),(1154,647,74,7),(1155,961,54,3),(1156,547,100,8),(1157,753,99,9),(1158,810,94,4),(1159,928,56,9),(1160,533,58,5),(1161,693,52,9),(1162,986,73,9),(1163,843,55,9),(1164,867,82,5),(1165,895,61,5),(1166,699,72,8),(1167,647,82,7),(1168,784,98,4),(1169,968,53,7),(1170,898,96,8),(1171,511,79,8),(1172,817,90,5),(1173,526,54,8),(1174,519,93,3),(1175,690,63,3),(1176,937,79,7),(1177,527,59,5),(1178,599,99,3),(1179,645,66,8),(1180,612,64,7),(1181,700,61,9),(1182,1000,88,7),(1183,677,96,9),(1184,735,94,8),(1185,581,52,7),(1186,621,58,8),(1187,698,92,7),(1188,739,87,6),(1189,595,66,3),(1190,640,60,4),(1191,553,76,8),(1192,560,57,8),(1193,953,80,6),(1194,685,95,6),(1195,798,82,5),(1196,640,61,7),(1197,936,74,9),(1198,506,76,6),(1199,785,93,3),(1200,922,89,4),(1201,781,70,3),(1202,500,93,9),(1203,901,98,7),(1204,815,55,9),(1205,648,91,5),(1206,500,96,7),(1207,806,53,3),(1208,576,52,9),(1209,759,98,8),(1210,856,52,3),(1211,993,71,3),(1212,599,62,4),(1213,637,53,9),(1214,972,83,4),(1215,648,92,3),(1216,779,93,6),(1217,772,100,8),(1218,685,68,9),(1219,577,83,6),(1220,963,72,4),(1221,590,100,6),(1222,823,61,3),(1223,743,72,3),(1224,698,54,3),(1225,646,67,4),(1226,839,89,4),(1227,761,54,8),(1228,811,57,9),(1229,674,77,3),(1230,759,99,3),(1231,592,77,8),(1232,851,78,4),(1233,817,71,7),(1234,994,89,4),(1235,870,66,8),(1236,595,84,7),(1237,598,57,9),(1238,675,54,9),(1239,993,69,9),(1240,562,99,5),(1241,676,71,8),(1242,830,60,7),(1243,753,97,3),(1244,628,96,3),(1245,928,86,6),(1246,597,93,5),(1247,703,78,7),(1248,902,88,3),(1249,630,87,3),(1250,775,74,7),(1251,514,55,5),(1252,516,51,4),(1253,707,64,3),(1254,698,78,9),(1255,516,81,4),(1256,761,77,6),(1257,806,57,3),(1258,533,55,6),(1259,829,54,3),(1260,644,61,8),(1261,676,96,6),(1262,843,90,9),(1263,861,96,5),(1264,508,85,8),(1265,934,68,3),(1266,934,79,3),(1267,733,73,5),(1268,793,63,9),(1269,747,65,9),(1270,639,100,9),(1271,729,66,3),(1272,551,54,9),(1273,884,58,8),(1274,765,61,7),(1275,768,95,7),(1276,983,98,6),(1277,752,83,7),(1278,584,85,3),(1279,548,84,5),(1280,797,71,5),(1281,672,78,4),(1282,834,78,9),(1283,960,94,7),(1284,651,94,7),(1285,878,99,5),(1286,633,76,3),(1287,580,95,4),(1288,866,87,9),(1289,667,73,8),(1290,696,56,7),(1291,903,77,4),(1292,855,70,4),(1293,886,51,8),(1294,974,73,8),(1295,799,74,7),(1296,530,100,8),(1297,937,88,8),(1298,964,80,3),(1299,673,80,8),(1300,615,86,5),(1301,752,56,7),(1302,800,79,4),(1303,706,92,9),(1304,562,55,3),(1305,928,68,3),(1306,589,56,8),(1307,811,86,8),(1308,849,52,9),(1309,788,71,9),(1310,685,52,4),(1311,679,58,6),(1312,968,65,6),(1313,922,76,3),(1314,928,59,4),(1315,917,68,6),(1316,855,95,4),(1317,627,74,7),(1318,976,51,4),(1319,700,98,4),(1320,563,99,9),(1321,641,72,7),(1322,551,53,6),(1323,731,67,6),(1324,838,93,3),(1325,814,58,4),(1326,843,84,4),(1327,854,97,4),(1328,729,79,8),(1329,598,67,6),(1330,969,66,8),(1331,550,64,5),(1332,640,92,8),(1333,952,89,6),(1334,675,74,6),(1335,801,86,5),(1336,924,66,3),(1337,847,51,9),(1338,700,100,7),(1339,527,55,8),(1340,965,69,9),(1341,508,66,3),(1342,769,98,9),(1343,944,93,4),(1344,500,83,6),(1345,970,67,7),(1346,686,62,3),(1347,843,99,3),(1348,874,68,9),(1349,678,58,7),(1350,911,66,4),(1351,737,80,3),(1352,916,92,7),(1353,644,51,9),(1354,913,88,6),(1355,971,58,3),(1356,524,73,9),(1357,692,56,8),(1358,631,57,7),(1359,654,78,6),(1360,955,57,3),(1361,799,72,9),(1362,577,63,3),(1363,780,66,7),(1364,669,61,8),(1365,688,58,6),(1366,643,52,6),(1367,781,80,3),(1368,911,56,5),(1369,941,88,4),(1370,714,59,9),(1371,776,70,5),(1372,683,77,5),(1373,562,70,3),(1374,786,59,6),(1375,509,51,8),(1376,544,52,5),(1377,733,57,4),(1378,691,86,7),(1379,886,74,6),(1380,748,76,6),(1381,783,58,7),(1382,967,52,5),(1383,563,63,6),(1384,563,93,7),(1385,724,95,8),(1386,986,60,4),(1387,773,73,7),(1388,761,92,3),(1389,729,97,5),(1390,664,63,3),(1391,866,73,5),(1392,946,59,9),(1393,668,52,4),(1394,993,95,3),(1395,906,53,5),(1396,571,81,9),(1397,530,86,8),(1398,991,58,9),(1399,535,92,9),(1400,653,69,3),(1401,690,64,4),(1402,870,59,9),(1403,974,92,8),(1404,544,61,6),(1405,828,58,7),(1406,697,64,4),(1407,776,61,7),(1408,559,97,4),(1409,502,68,6),(1410,784,75,7),(1411,638,97,7),(1412,988,77,3),(1413,623,65,8),(1414,940,69,3),(1415,717,63,8),(1416,904,100,8),(1417,900,76,3),(1418,993,51,6),(1419,905,64,8),(1420,958,52,6),(1421,695,86,6),(1422,633,55,6),(1423,535,78,7),(1424,644,83,5),(1425,711,99,4),(1426,956,70,4),(1427,680,100,8),(1428,825,95,5),(1429,799,92,6),(1430,694,92,8),(1431,890,92,7),(1432,978,72,9),(1433,774,91,7),(1434,595,90,4),(1435,502,68,7),(1436,695,77,7),(1437,942,88,7),(1438,767,78,8),(1439,756,85,4),(1440,566,75,4),(1441,733,100,9),(1442,536,82,5),(1443,535,89,4),(1444,958,72,3),(1445,742,90,7),(1446,556,97,5),(1447,627,53,8),(1448,539,76,3),(1449,867,86,7),(1450,611,69,3),(1451,971,90,8),(1452,710,51,4),(1453,606,92,5),(1454,654,75,8),(1455,925,75,9),(1456,732,79,7),(1457,768,84,6),(1458,664,84,8),(1459,700,62,8),(1460,759,57,9),(1461,966,88,7),(1462,686,54,7),(1463,657,81,7),(1464,606,65,5),(1465,803,63,6),(1466,693,64,4),(1467,846,82,8),(1468,901,99,3),(1469,916,90,5),(1470,528,63,7),(1471,735,98,5),(1472,567,68,7),(1473,821,99,6),(1474,717,74,4),(1475,634,54,7),(1476,932,63,9),(1477,650,88,3),(1478,638,54,8),(1479,652,63,8),(1480,941,80,6),(1481,671,100,8),(1482,606,84,3),(1483,918,66,3),(1484,656,95,3),(1485,743,93,9),(1486,978,66,3),(1487,575,64,7),(1488,971,99,3),(1489,569,62,6),(1490,658,93,3),(1491,936,82,9),(1492,875,74,5),(1493,544,92,5),(1494,758,60,4),(1495,666,94,4),(1496,556,95,8),(1497,773,79,9),(1498,961,58,6),(1499,946,74,5),(1500,870,58,7),(1501,787,78,5),(1502,836,65,8),(1503,538,95,8),(1504,789,57,9),(1505,500,81,3),(1506,920,60,7),(1507,624,68,9),(1508,655,88,8),(1509,656,54,3),(1510,890,65,3),(1511,753,80,5),(1512,954,86,4),(1513,759,98,5),(1514,825,54,9),(1515,935,75,8),(1516,552,89,9),(1517,955,63,7),(1518,589,92,5),(1519,936,59,5),(1520,656,56,4),(1521,825,60,9),(1522,746,87,3),(1523,536,95,3),(1524,703,99,3),(1525,658,72,4),(1526,745,93,5),(1527,658,83,5),(1528,776,83,8),(1529,997,56,9),(1530,556,94,5),(1531,518,69,3),(1532,917,64,6),(1533,627,62,5),(1534,644,79,9),(1535,815,78,3),(1536,781,68,7),(1537,919,57,6),(1538,984,94,6),(1539,667,86,8),(1540,735,59,3),(1541,904,92,7),(1542,910,93,3),(1543,846,93,7),(1544,662,63,6),(1545,702,59,5),(1546,982,85,9),(1547,835,90,3),(1548,892,84,6),(1549,950,76,6),(1550,644,62,8),(1551,532,87,8),(1552,923,94,8),(1553,666,86,5),(1554,754,65,5),(1555,534,53,7),(1556,838,51,8),(1557,971,53,6),(1558,952,89,6),(1559,575,72,8),(1560,567,62,3),(1561,1000,97,7),(1562,583,100,5),(1563,737,53,5),(1564,557,88,7),(1565,661,92,4),(1566,641,58,8),(1567,742,65,3),(1568,772,85,7),(1569,697,79,3),(1570,830,63,5),(1571,631,88,6),(1572,725,58,4),(1573,857,65,8),(1574,710,75,4),(1575,794,55,6),(1576,797,78,7),(1577,747,51,6),(1578,821,52,9),(1579,880,88,8),(1580,601,82,5),(1581,797,63,6),(1582,572,52,4),(1583,529,71,4),(1584,527,95,4),(1585,952,88,3),(1586,872,82,3),(1587,663,64,8),(1588,692,74,8),(1589,716,79,6),(1590,677,75,6),(1591,675,62,3),(1592,769,57,4),(1593,955,90,8),(1594,755,55,7),(1595,839,98,5),(1596,628,75,3),(1597,502,53,8),(1598,856,74,6),(1599,546,99,9),(1600,934,58,5),(1601,852,95,4),(1602,732,82,3),(1603,843,74,3),(1604,804,63,5),(1605,943,61,4),(1606,923,94,9),(1607,679,69,4),(1608,523,55,3),(1609,876,100,7),(1610,757,67,7),(1611,517,76,7),(1612,786,91,7),(1613,878,90,4),(1614,663,76,8),(1615,937,98,9),(1616,682,90,5),(1617,584,62,9),(1618,626,69,7),(1619,533,91,5),(1620,848,100,3),(1621,658,87,9),(1622,907,96,7),(1623,616,90,4),(1624,684,64,9),(1625,750,51,5),(1626,948,72,4),(1627,725,90,9),(1628,975,98,7),(1629,736,93,3),(1630,655,89,8),(1631,899,77,7),(1632,877,59,7),(1633,735,90,5),(1634,805,57,3),(1635,774,84,5),(1636,555,67,5),(1637,830,54,3),(1638,510,61,5),(1639,984,66,3),(1640,761,86,3),(1641,549,81,4),(1642,723,59,9),(1643,849,72,9),(1644,903,79,9),(1645,841,84,3),(1646,915,91,8),(1647,575,65,9),(1648,686,90,7),(1649,718,71,5),(1650,670,64,4),(1651,762,57,5),(1652,664,70,4),(1653,545,95,5),(1654,751,96,9),(1655,758,53,4),(1656,731,77,9),(1657,672,99,9),(1658,885,94,5),(1659,816,65,5),(1660,547,67,5),(1661,813,84,3),(1662,783,98,8),(1663,551,74,9),(1664,666,63,5),(1665,955,100,3),(1666,753,81,5),(1667,588,69,3),(1668,783,68,7),(1669,526,96,7),(1670,602,99,4),(1671,761,74,5),(1672,548,90,9),(1673,618,84,3),(1674,822,63,3),(1675,519,98,8),(1676,514,100,5),(1677,829,56,3),(1678,710,88,6),(1679,804,100,3),(1680,570,61,7),(1681,751,54,9),(1682,617,56,8),(1683,550,95,6),(1684,709,76,9),(1685,775,97,5),(1686,958,52,4),(1687,746,64,3),(1688,890,76,3),(1689,899,74,4),(1690,891,79,8),(1691,929,61,3),(1692,786,71,9),(1693,727,93,5),(1694,896,81,6),(1695,735,51,7),(1696,789,53,4),(1697,556,95,8),(1698,638,63,8),(1699,982,59,9),(1700,683,69,9),(1701,802,96,4),(1702,616,93,5),(1703,561,66,4),(1704,748,92,7),(1705,960,65,7),(1706,919,83,8),(1707,663,94,8),(1708,648,51,6),(1709,595,70,8),(1710,873,54,8),(1711,966,86,3),(1712,589,75,6),(1713,984,80,9),(1714,814,66,6),(1715,603,58,9),(1716,935,85,8),(1717,859,54,5),(1718,952,92,6),(1719,824,68,4),(1720,639,64,7),(1721,887,69,8),(1722,910,59,5),(1723,563,89,6),(1724,733,64,7),(1725,974,71,9),(1726,570,91,3),(1727,709,81,5),(1728,766,62,3),(1729,870,81,9),(1730,698,73,9),(1731,846,80,7),(1732,670,88,8),(1733,618,97,6),(1734,881,54,7),(1735,815,99,7),(1736,898,52,5),(1737,603,99,4),(1738,738,74,7),(1739,844,87,9),(1740,943,70,4),(1741,873,56,6),(1742,567,61,6),(1743,552,77,8),(1744,957,86,3),(1745,976,94,5),(1746,816,54,8),(1747,854,81,4),(1748,921,92,7),(1749,988,87,9),(1750,631,52,3),(1751,662,78,8),(1752,587,95,8),(1753,543,67,9),(1754,910,74,4),(1755,700,64,4),(1756,517,79,8),(1757,574,82,5),(1758,622,83,7),(1759,962,92,8),(1760,622,59,6),(1761,642,73,3),(1762,595,92,5),(1763,741,68,4),(1764,660,61,8),(1765,890,78,8),(1766,845,74,6),(1767,822,82,6),(1768,950,59,4),(1769,698,86,3),(1770,615,54,6),(1771,938,57,6),(1772,641,71,5),(1773,853,93,3),(1774,989,76,8),(1775,914,77,8),(1776,748,65,7),(1777,710,70,6),(1778,724,89,5),(1779,707,84,8),(1780,779,72,9),(1781,816,55,7),(1782,885,86,9),(1783,651,64,6),(1784,690,98,7),(1785,732,99,9),(1786,649,70,9),(1787,693,69,5),(1788,533,92,9),(1789,529,55,8),(1790,986,84,4),(1791,599,72,6),(1792,669,89,4),(1793,694,61,6),(1794,963,78,9),(1795,782,82,7),(1796,681,69,8),(1797,721,98,8),(1798,856,89,4),(1799,548,79,5),(1800,697,54,8),(1801,605,94,4),(1802,573,54,5),(1803,546,75,3),(1804,632,94,4),(1805,817,65,9),(1806,512,71,3),(1807,561,100,3),(1808,923,83,8),(1809,855,97,6),(1810,613,59,6),(1811,779,58,5),(1812,666,59,6),(1813,578,91,6),(1814,910,66,9),(1815,836,52,4),(1816,691,96,4),(1817,560,54,8),(1818,728,93,6),(1819,616,59,4),(1820,840,94,6),(1821,877,63,5),(1822,665,52,4),(1823,802,78,9),(1824,870,65,6),(1825,593,58,9),(1826,812,88,3),(1827,927,55,9),(1828,508,72,7),(1829,504,77,8),(1830,590,83,7),(1831,917,77,5),(1832,936,94,3),(1833,947,92,9),(1834,985,67,9),(1835,588,89,7),(1836,745,68,5),(1837,509,86,9),(1838,932,73,3),(1839,706,65,4),(1840,676,98,5),(1841,992,73,7),(1842,813,97,9),(1843,828,95,8),(1844,804,73,7),(1845,873,62,5),(1846,837,77,3),(1847,840,97,6),(1848,917,93,6),(1849,554,56,6),(1850,796,73,6),(1851,661,60,5),(1852,675,66,5),(1853,563,92,9),(1854,849,60,4),(1855,902,61,6),(1856,825,55,7),(1857,853,100,3),(1858,840,69,3),(1859,729,53,7),(1860,764,76,8),(1861,792,92,3),(1862,837,82,4),(1863,658,77,4),(1864,845,62,4),(1865,535,79,8),(1866,651,81,6),(1867,886,71,8),(1868,947,68,8),(1869,938,54,6),(1870,649,86,8),(1871,573,96,9),(1872,763,64,4),(1873,527,63,4),(1874,777,66,7),(1875,668,58,3),(1876,668,55,6),(1877,806,89,7),(1878,623,89,3),(1879,701,90,6),(1880,973,95,4),(1881,970,94,9),(1882,652,58,5),(1883,709,72,4),(1884,847,80,6),(1885,835,90,5),(1886,570,66,6),(1887,547,94,8),(1888,536,85,3),(1889,693,74,5),(1890,933,87,6),(1891,815,93,5),(1892,887,98,8),(1893,962,69,5),(1894,544,77,8),(1895,680,88,6),(1896,644,83,8),(1897,989,91,6),(1898,726,92,4),(1899,952,61,9),(1900,530,85,6),(1901,631,74,4),(1902,695,99,6),(1903,977,77,3),(1904,931,86,3),(1905,876,78,7),(1906,504,76,6),(1907,680,78,8),(1908,938,73,3),(1909,686,95,6),(1910,871,74,7),(1911,571,66,3),(1912,691,74,8),(1913,911,87,7),(1914,938,56,5),(1915,993,62,9),(1916,714,64,3),(1917,972,52,6),(1918,668,82,3),(1919,606,100,6),(1920,781,72,5),(1921,950,67,6),(1922,575,77,8),(1923,623,100,7),(1924,815,59,8),(1925,842,85,9),(1926,950,91,4),(1927,921,82,6),(1928,665,64,6),(1929,690,62,7),(1930,906,62,9),(1931,939,89,5),(1932,640,61,9),(1933,799,68,8),(1934,905,99,5),(1935,541,70,8),(1936,821,89,3),(1937,527,90,5),(1938,519,79,5),(1939,807,98,8),(1940,703,59,9),(1941,917,72,3),(1942,742,77,7),(1943,686,69,7),(1944,979,86,3),(1945,963,57,9),(1946,961,89,7),(1947,648,52,3),(1948,510,88,8),(1949,877,95,3),(1950,628,68,9),(1951,521,94,8),(1952,660,56,4),(1953,712,62,6),(1954,695,64,6),(1955,805,77,3),(1956,932,92,9),(1957,562,74,4),(1958,670,99,8),(1959,663,69,8),(1960,675,64,8),(1961,663,95,5),(1962,915,78,4),(1963,592,62,7),(1964,771,69,9),(1965,521,96,6),(1966,504,96,8),(1967,512,58,6),(1968,514,91,5),(1969,898,100,8),(1970,979,52,3),(1971,517,63,3),(1972,660,65,7),(1973,761,79,4),(1974,960,80,6),(1975,875,100,9),(1976,935,58,8),(1977,788,57,8),(1978,705,67,6),(1979,992,97,3),(1980,963,61,9),(1981,894,80,8),(1982,689,81,8),(1983,638,65,8),(1984,824,96,9),(1985,965,53,6),(1986,682,62,6),(1987,884,67,8),(1988,762,72,7),(1989,696,60,6),(1990,601,87,5),(1991,728,94,7),(1992,888,99,7),(1993,765,52,5),(1994,624,92,8),(1995,824,92,3),(1996,937,94,6),(1997,747,85,6),(1998,710,57,8),(1999,935,89,8),(2000,540,86,8);
/*!40000 ALTER TABLE `invoice_items` ENABLE KEYS */;
UNLOCK TABLES;

--
-- Table structure for table `invoices`
--

DROP TABLE IF EXISTS `invoices`;
/*!40101 SET @saved_cs_client     = @@character_set_client */;
/*!50503 SET character_set_client = utf8mb4 */;
CREATE TABLE `invoices` (
  `invoice_id` int NOT NULL AUTO_INCREMENT,
  `customer_id` int NOT NULL,
  `store_id` int NOT NULL,
  `invoice_date` datetime DEFAULT NULL,
  PRIMARY KEY (`invoice_id`),
  KEY `invoices_FK` (`customer_id`),
  KEY `invoices_FK_1` (`store_id`),
  CONSTRAINT `invoices_FK` FOREIGN KEY (`customer_id`) REFERENCES `customers` (`customer_id`) ON DELETE RESTRICT ON UPDATE RESTRICT,
  CONSTRAINT `invoices_FK_1` FOREIGN KEY (`store_id`) REFERENCES `stores` (`store_id`) ON DELETE RESTRICT ON UPDATE RESTRICT
) ENGINE=InnoDB AUTO_INCREMENT=1001 DEFAULT CHARSET=utf8mb4 COLLATE=utf8mb4_0900_ai_ci;
/*!40101 SET character_set_client = @saved_cs_client */;

--
-- Dumping data for table `invoices`
--

LOCK TABLES `invoices` WRITE;
/*!40000 ALTER TABLE `invoices` DISABLE KEYS */;
INSERT INTO `invoices` VALUES (1,279,7,'2020-10-17 20:45:41'),(2,32,5,'2020-03-28 22:27:38'),(3,359,7,'2020-12-14 18:58:28'),(4,479,1,'2021-01-25 20:39:32'),(5,462,10,'2020-08-10 11:48:20'),(6,178,7,'2020-04-19 18:24:11'),(7,232,9,'2020-03-29 21:06:03'),(8,424,8,'2020-11-18 11:23:53'),(9,475,13,'2020-08-13 15:21:56'),(10,252,11,'2020-02-23 11:48:07'),(11,27,11,'2020-12-30 09:33:26'),(12,202,3,'2020-07-20 04:59:21'),(13,444,3,'2020-05-26 21:08:33'),(14,239,8,'2021-01-19 08:45:30'),(15,453,5,'2020-05-06 13:09:25'),(16,105,2,'2021-02-15 14:42:08'),(17,98,9,'2020-04-18 17:56:43'),(18,405,15,'2020-03-11 21:32:19'),(19,277,1,'2020-06-11 13:04:11'),(20,499,14,'2020-09-01 07:42:23'),(21,21,7,'2020-04-17 19:40:19'),(22,346,2,'2020-03-28 21:59:57'),(23,78,13,'2020-07-27 07:01:54'),(24,376,8,'2020-01-10 07:37:42'),(25,313,9,'2020-03-31 01:06:40'),(26,401,11,'2021-01-23 05:22:50'),(27,78,10,'2020-01-28 07:53:27'),(28,309,6,'2020-05-08 07:22:16'),(29,498,7,'2020-02-17 12:50:52'),(30,342,6,'2020-07-23 00:43:53'),(31,59,7,'2020-02-26 20:56:56'),(32,87,10,'2020-05-02 19:31:37'),(33,270,9,'2020-05-21 11:13:48'),(34,42,9,'2020-05-12 05:03:31'),(35,491,15,'2020-10-22 04:43:17'),(36,497,2,'2020-12-03 21:41:16'),(37,494,12,'2020-08-19 12:19:57'),(38,343,14,'2020-11-11 00:50:13'),(39,275,7,'2020-12-05 14:52:19'),(40,463,2,'2020-10-23 03:00:20'),(41,116,9,'2021-02-24 01:36:25'),(42,93,11,'2020-10-15 09:47:21'),(43,191,4,'2020-08-20 15:27:36'),(44,184,15,'2020-06-26 02:07:55'),(45,74,13,'2020-07-13 23:57:21'),(46,343,15,'2020-05-10 17:21:06'),(47,160,13,'2020-04-16 23:35:57'),(48,150,1,'2020-12-24 22:53:00'),(49,23,9,'2021-02-07 03:42:22'),(50,48,2,'2020-08-27 07:33:30'),(51,392,5,'2021-01-23 00:59:06'),(52,424,1,'2020-12-04 23:48:16'),(53,144,5,'2020-09-28 03:46:26'),(54,419,7,'2021-01-12 02:23:51'),(55,282,15,'2020-02-15 20:43:07'),(56,58,5,'2020-05-26 03:33:42'),(57,402,5,'2021-01-08 06:50:03'),(58,295,11,'2020-12-05 06:59:16'),(59,300,14,'2020-09-20 17:28:40'),(60,152,4,'2020-01-28 03:16:50'),(61,12,6,'2020-07-19 06:07:50'),(62,416,13,'2020-09-30 15:44:09'),(63,30,13,'2020-08-21 19:53:12'),(64,240,14,'2021-02-17 02:20:42'),(65,436,5,'2020-11-22 10:55:27'),(66,101,5,'2021-01-17 04:39:13'),(67,367,3,'2020-02-04 15:05:05'),(68,420,10,'2020-04-05 11:11:35'),(69,94,14,'2021-01-23 03:09:47'),(70,129,12,'2020-02-15 21:30:30'),(71,42,6,'2020-02-10 09:23:35'),(72,236,15,'2020-07-24 11:41:23'),(73,164,5,'2020-11-15 14:24:04'),(74,235,1,'2021-02-13 22:20:29'),(75,284,13,'2020-06-17 15:37:25'),(76,69,3,'2020-01-24 06:55:50'),(77,393,10,'2020-05-12 10:23:13'),(78,389,3,'2020-11-02 09:05:04'),(79,124,15,'2020-10-10 10:58:08'),(80,195,14,'2021-01-01 13:08:55'),(81,372,2,'2020-08-08 05:50:44'),(82,193,3,'2021-02-05 23:10:53'),(83,190,13,'2021-02-24 09:34:02'),(84,116,11,'2020-12-13 16:23:39'),(85,125,11,'2021-02-17 19:05:59'),(86,280,10,'2020-10-04 01:00:21'),(87,233,10,'2020-10-25 03:53:15'),(88,191,2,'2020-01-09 20:59:23'),(89,375,14,'2020-01-02 08:23:26'),(90,137,2,'2020-08-26 16:17:29'),(91,249,3,'2020-09-24 02:43:05'),(92,345,4,'2020-02-21 22:07:58'),(93,30,1,'2021-01-01 16:51:41'),(94,371,5,'2020-11-19 23:25:25'),(95,276,8,'2020-05-26 09:37:26'),(96,287,10,'2020-11-21 19:08:01'),(97,407,1,'2020-01-19 01:25:28'),(98,323,14,'2020-09-15 18:10:17'),(99,361,10,'2020-05-11 01:54:33'),(100,470,14,'2020-01-09 23:30:07'),(101,308,12,'2020-07-17 14:14:27'),(102,350,13,'2020-02-05 18:55:05'),(103,195,5,'2020-12-27 15:35:03'),(104,239,2,'2020-12-23 05:15:57'),(105,22,9,'2020-12-29 09:54:50'),(106,475,10,'2020-07-25 23:40:22'),(107,17,7,'2021-02-05 05:11:29'),(108,459,5,'2020-02-20 09:48:25'),(109,465,4,'2020-06-28 09:37:38'),(110,474,6,'2020-08-13 21:38:16'),(111,238,4,'2020-02-29 22:05:23'),(112,146,5,'2020-07-22 11:26:45'),(113,472,7,'2020-09-02 19:38:38'),(114,418,8,'2021-01-24 00:48:02'),(115,30,11,'2020-05-13 09:36:43'),(116,143,6,'2020-12-27 00:14:13'),(117,412,14,'2020-05-20 03:56:19'),(118,158,12,'2020-07-29 18:14:40'),(119,213,10,'2021-01-12 11:34:34'),(120,7,4,'2020-09-19 08:28:05'),(121,499,12,'2020-02-09 22:22:54'),(122,428,3,'2020-09-15 08:10:03'),(123,210,12,'2020-05-16 18:12:08'),(124,342,3,'2020-04-04 19:18:20'),(125,446,5,'2020-10-06 14:41:07'),(126,18,11,'2020-12-17 10:40:15'),(127,93,6,'2020-04-15 20:53:58'),(128,31,3,'2020-11-28 17:15:58'),(129,50,2,'2020-04-24 06:53:24'),(130,175,6,'2021-02-24 22:01:45'),(131,254,13,'2020-02-02 19:41:33'),(132,332,11,'2020-04-29 09:49:24'),(133,321,5,'2020-05-07 09:39:46'),(134,299,12,'2021-01-17 13:06:27'),(135,331,9,'2020-01-15 20:27:05'),(136,435,8,'2020-01-13 08:59:59'),(137,96,7,'2020-07-25 04:51:27'),(138,401,4,'2021-01-27 22:12:05'),(139,337,4,'2020-11-13 18:24:03'),(140,469,1,'2020-11-20 08:11:29'),(141,72,9,'2020-03-31 17:17:09'),(142,192,6,'2020-08-12 09:43:23'),(143,486,10,'2021-02-01 22:13:24'),(144,201,6,'2021-01-31 07:45:42'),(145,113,2,'2020-04-09 10:25:22'),(146,247,3,'2020-09-18 14:20:04'),(147,407,1,'2020-11-05 05:48:21'),(148,270,15,'2020-05-24 23:16:46'),(149,251,4,'2020-12-07 18:52:29'),(150,202,3,'2020-06-07 14:50:31'),(151,268,2,'2020-04-28 07:08:15'),(152,419,14,'2020-05-17 09:22:12'),(153,213,11,'2021-02-04 05:23:36'),(154,352,14,'2020-09-19 07:34:59'),(155,360,12,'2020-10-22 15:57:42'),(156,383,14,'2021-02-17 20:14:00'),(157,31,8,'2020-12-20 21:50:58'),(158,9,14,'2020-11-04 19:43:36'),(159,187,4,'2020-07-30 05:32:32'),(160,379,5,'2020-03-05 03:08:23'),(161,366,2,'2020-07-23 16:04:45'),(162,106,1,'2020-12-08 05:26:01'),(163,297,9,'2021-02-04 08:31:00'),(164,361,7,'2020-10-15 23:02:00'),(165,80,6,'2020-04-19 18:57:07'),(166,211,7,'2020-01-29 02:05:28'),(167,336,15,'2020-08-07 06:37:03'),(168,439,7,'2021-02-23 07:54:15'),(169,7,11,'2020-06-26 19:01:09'),(170,3,6,'2021-02-17 07:29:21'),(171,454,11,'2020-10-07 02:21:01'),(172,290,12,'2020-03-04 10:20:13'),(173,163,12,'2020-02-11 18:38:22'),(174,49,8,'2020-09-22 00:18:58'),(175,76,12,'2020-09-30 11:23:57'),(176,317,1,'2020-01-01 23:44:09'),(177,411,8,'2020-08-30 01:10:03'),(178,276,10,'2020-06-28 07:30:23'),(179,162,5,'2020-03-18 13:05:19'),(180,308,7,'2020-01-11 19:54:53'),(181,289,9,'2020-03-11 19:36:42'),(182,279,4,'2020-11-09 07:04:52'),(183,284,8,'2020-09-04 18:41:29'),(184,30,7,'2020-01-28 18:55:59'),(185,5,14,'2020-07-19 02:38:11'),(186,143,10,'2020-09-15 10:06:59'),(187,72,6,'2020-08-16 12:46:05'),(188,347,12,'2020-07-21 01:54:52'),(189,56,4,'2020-07-19 06:42:34'),(190,122,13,'2020-01-07 01:58:21'),(191,476,2,'2020-05-16 01:27:05'),(192,200,4,'2020-08-15 23:52:59'),(193,316,2,'2020-10-08 21:29:04'),(194,474,1,'2020-01-31 05:26:49'),(195,43,9,'2020-12-09 21:51:18'),(196,157,15,'2020-09-02 19:20:25'),(197,438,10,'2020-09-04 09:35:22'),(198,420,12,'2020-04-11 05:25:08'),(199,409,3,'2020-12-20 12:15:49'),(200,500,9,'2020-03-20 13:06:47'),(201,115,7,'2020-01-12 19:42:53'),(202,142,4,'2021-01-14 05:42:08'),(203,39,11,'2021-02-19 06:35:47'),(204,16,13,'2020-08-16 20:36:13'),(205,335,3,'2020-05-24 13:58:09'),(206,353,7,'2020-03-31 00:14:53'),(207,329,7,'2020-12-22 01:43:18'),(208,345,15,'2020-09-21 11:41:53'),(209,406,1,'2020-04-17 01:42:01'),(210,58,10,'2020-07-08 21:54:13'),(211,392,12,'2020-08-08 21:45:31'),(212,98,9,'2020-03-11 03:04:08'),(213,390,14,'2020-11-25 07:25:49'),(214,57,11,'2021-01-07 05:09:24'),(215,392,6,'2020-06-05 06:25:21'),(216,331,9,'2020-07-28 19:59:26'),(217,234,5,'2020-10-09 03:03:01'),(218,47,6,'2020-05-31 01:31:53'),(219,443,8,'2021-01-14 01:11:05'),(220,229,15,'2020-05-07 18:43:25'),(221,457,4,'2020-09-03 00:56:56'),(222,432,15,'2020-06-26 02:16:36'),(223,106,7,'2020-06-16 13:11:09'),(224,196,13,'2020-08-10 02:48:36'),(225,168,12,'2020-11-12 03:22:28'),(226,96,5,'2020-09-05 12:58:11'),(227,408,6,'2020-05-27 00:40:30'),(228,312,6,'2020-12-15 01:32:38'),(229,431,15,'2020-05-29 08:11:01'),(230,235,7,'2020-02-05 06:20:51'),(231,369,9,'2020-10-30 19:22:29'),(232,18,15,'2020-05-21 15:40:48'),(233,244,1,'2020-03-19 20:56:07'),(234,358,14,'2020-03-05 15:08:52'),(235,256,5,'2020-03-23 15:36:59'),(236,256,15,'2020-07-10 04:06:02'),(237,434,9,'2020-10-08 16:44:37'),(238,283,8,'2020-10-29 14:31:35'),(239,105,6,'2020-08-18 17:12:03'),(240,315,11,'2020-03-28 17:14:25'),(241,50,5,'2020-09-08 13:06:23'),(242,9,3,'2020-10-06 19:52:33'),(243,331,14,'2020-10-27 04:41:29'),(244,473,10,'2021-02-24 01:15:38'),(245,203,15,'2020-10-02 13:40:41'),(246,444,11,'2021-02-14 17:04:39'),(247,167,5,'2020-07-16 20:42:07'),(248,407,3,'2020-10-08 06:04:57'),(249,103,8,'2021-01-27 09:29:41'),(250,233,14,'2020-02-05 11:32:15'),(251,380,3,'2020-06-18 12:17:14'),(252,69,15,'2021-01-01 10:54:39'),(253,130,3,'2020-08-18 12:05:55'),(254,175,6,'2020-08-16 23:57:06'),(255,138,6,'2020-06-20 08:00:28'),(256,141,5,'2020-07-16 19:00:00'),(257,360,11,'2020-10-18 21:02:03'),(258,115,2,'2021-01-12 06:07:23'),(259,323,10,'2020-11-22 01:03:16'),(260,453,5,'2020-05-15 14:58:15'),(261,258,2,'2020-08-20 07:38:44'),(262,92,12,'2020-07-20 20:44:11'),(263,306,12,'2020-10-04 05:24:46'),(264,304,15,'2020-05-15 11:33:28'),(265,74,1,'2020-01-13 19:37:50'),(266,469,13,'2020-04-24 19:43:40'),(267,213,1,'2020-03-10 01:31:00'),(268,302,4,'2020-10-29 11:25:18'),(269,289,15,'2020-05-08 20:23:39'),(270,236,5,'2020-03-12 10:14:13'),(271,249,13,'2020-10-03 07:48:38'),(272,92,4,'2020-01-26 08:06:13'),(273,415,1,'2020-05-03 17:37:59'),(274,286,14,'2020-07-05 13:04:15'),(275,365,11,'2020-08-06 11:56:24'),(276,490,6,'2020-03-29 17:44:04'),(277,281,5,'2020-06-10 11:02:03'),(278,478,14,'2021-02-09 14:01:17'),(279,339,9,'2020-02-26 11:31:48'),(280,477,12,'2021-02-11 10:16:42'),(281,443,9,'2020-12-20 14:57:19'),(282,17,2,'2020-03-10 12:00:36'),(283,248,10,'2020-01-07 20:36:39'),(284,439,9,'2020-10-17 11:06:33'),(285,339,8,'2020-04-05 14:16:39'),(286,455,9,'2020-02-02 10:01:16'),(287,253,4,'2021-02-16 09:13:55'),(288,80,12,'2020-05-16 16:35:43'),(289,51,11,'2020-09-06 00:33:55'),(290,186,10,'2020-06-09 06:41:17'),(291,247,11,'2020-04-19 04:49:22'),(292,348,10,'2020-01-17 08:47:15'),(293,432,6,'2020-09-25 07:53:04'),(294,191,13,'2020-09-05 07:58:16'),(295,383,7,'2020-08-20 11:53:01'),(296,451,4,'2020-02-21 14:30:46'),(297,401,1,'2020-10-26 11:37:12'),(298,312,2,'2021-01-07 05:40:55'),(299,114,1,'2020-11-22 09:39:34'),(300,465,3,'2020-09-09 20:45:53'),(301,100,1,'2020-03-07 01:17:56'),(302,480,6,'2020-03-11 01:13:07'),(303,462,2,'2020-05-31 22:09:00'),(304,308,1,'2020-01-17 01:31:34'),(305,427,14,'2020-09-18 01:07:58'),(306,3,1,'2020-04-16 04:34:49'),(307,312,5,'2020-06-10 14:49:04'),(308,277,13,'2020-08-02 00:01:49'),(309,377,13,'2020-12-10 11:16:23'),(310,382,15,'2020-01-20 14:38:23'),(311,396,2,'2020-03-24 02:53:00'),(312,316,8,'2020-06-21 03:22:49'),(313,142,12,'2020-11-25 05:48:26'),(314,80,14,'2020-12-12 18:49:32'),(315,252,4,'2020-10-18 22:25:28'),(316,474,3,'2020-08-24 17:31:04'),(317,493,6,'2020-04-26 10:00:52'),(318,250,3,'2020-01-10 19:08:44'),(319,413,15,'2020-09-02 01:09:21'),(320,154,11,'2020-03-28 11:41:48'),(321,405,10,'2020-06-08 12:11:08'),(322,358,12,'2020-10-09 09:16:13'),(323,300,5,'2020-09-24 08:39:41'),(324,417,9,'2020-09-24 08:17:55'),(325,408,1,'2021-02-25 15:24:03'),(326,438,6,'2020-07-16 09:33:59'),(327,13,11,'2020-10-01 14:21:41'),(328,492,1,'2020-11-09 03:40:24'),(329,326,7,'2020-06-18 23:18:46'),(330,213,7,'2021-02-15 07:14:13'),(331,255,11,'2020-05-12 11:56:18'),(332,281,2,'2020-08-01 16:52:42'),(333,361,3,'2020-08-30 08:48:19'),(334,323,6,'2020-01-05 17:36:26'),(335,80,12,'2021-01-24 17:31:49'),(336,315,9,'2020-03-29 21:22:23'),(337,449,13,'2021-01-05 09:15:41'),(338,438,7,'2020-02-11 01:38:10'),(339,350,11,'2020-04-28 18:59:11'),(340,440,1,'2020-09-24 11:51:56'),(341,432,15,'2020-08-03 14:35:23'),(342,476,14,'2020-12-23 00:43:56'),(343,225,12,'2020-10-29 04:59:49'),(344,170,12,'2020-12-26 05:47:41'),(345,403,4,'2020-07-29 02:42:24'),(346,498,11,'2020-07-11 17:42:26'),(347,268,5,'2020-01-12 07:59:42'),(348,346,1,'2020-09-22 07:39:44'),(349,433,6,'2020-04-10 20:27:10'),(350,181,4,'2020-02-20 04:26:27'),(351,235,14,'2020-10-05 06:26:33'),(352,25,12,'2020-07-08 10:27:01'),(353,263,13,'2020-12-13 17:58:43'),(354,237,6,'2020-09-12 00:17:09'),(355,215,11,'2020-01-11 02:53:41'),(356,176,12,'2020-06-20 13:07:20'),(357,245,9,'2020-05-21 16:47:57'),(358,6,4,'2020-11-21 12:34:57'),(359,426,7,'2020-06-03 14:06:58'),(360,73,4,'2020-04-26 01:47:16'),(361,437,7,'2020-12-10 11:41:02'),(362,493,2,'2020-12-16 00:51:53'),(363,402,13,'2020-03-31 09:31:00'),(364,390,13,'2020-10-24 21:02:20'),(365,267,14,'2020-06-15 12:35:50'),(366,62,4,'2020-12-30 05:52:58'),(367,465,8,'2020-12-07 05:14:09'),(368,103,8,'2021-01-20 18:07:23'),(369,31,15,'2020-01-02 03:13:40'),(370,456,6,'2020-03-03 14:12:39'),(371,420,7,'2020-07-04 03:09:15'),(372,86,11,'2020-05-11 20:25:25'),(373,426,15,'2021-01-30 10:34:47'),(374,333,6,'2020-07-23 01:25:35'),(375,224,4,'2020-10-13 00:57:41'),(376,463,5,'2020-04-03 18:26:16'),(377,480,4,'2020-07-15 02:30:06'),(378,156,4,'2021-01-20 19:30:01'),(379,457,14,'2021-01-20 07:58:23'),(380,331,3,'2020-01-11 15:28:29'),(381,358,4,'2020-05-08 10:12:46'),(382,143,14,'2020-04-08 01:30:05'),(383,185,8,'2020-12-09 04:38:29'),(384,193,7,'2021-02-23 13:43:14'),(385,493,3,'2020-03-11 01:54:10'),(386,458,10,'2020-02-17 01:45:25'),(387,129,3,'2020-11-18 19:34:24'),(388,489,8,'2020-03-06 11:00:54'),(389,478,5,'2020-01-20 22:13:52'),(390,38,7,'2021-01-27 02:33:02'),(391,25,13,'2020-08-22 14:01:39'),(392,117,9,'2020-04-13 02:46:30'),(393,343,12,'2020-03-17 09:40:04'),(394,333,3,'2020-01-15 06:58:05'),(395,415,9,'2020-08-22 10:09:46'),(396,400,8,'2020-01-13 22:40:21'),(397,463,3,'2020-06-06 13:18:28'),(398,405,3,'2020-08-14 19:12:26'),(399,353,2,'2020-02-24 04:45:38'),(400,64,6,'2021-02-12 15:53:07'),(401,13,9,'2020-02-09 19:23:40'),(402,491,6,'2021-01-31 17:55:57'),(403,99,15,'2020-01-12 20:33:38'),(404,167,7,'2020-01-09 07:04:03'),(405,131,9,'2020-07-29 01:41:45'),(406,18,9,'2020-05-09 10:25:38'),(407,33,12,'2021-01-24 12:14:51'),(408,80,5,'2020-11-14 04:17:30'),(409,65,1,'2020-03-23 23:50:05'),(410,441,6,'2020-03-24 09:43:40'),(411,272,4,'2020-11-07 18:46:39'),(412,491,8,'2021-01-20 18:17:18'),(413,26,14,'2020-05-27 01:35:13'),(414,376,8,'2020-07-11 15:23:46'),(415,500,5,'2020-06-14 01:52:22'),(416,382,15,'2021-02-08 19:08:53'),(417,110,15,'2020-08-05 05:40:19'),(418,443,1,'2020-02-17 18:11:18'),(419,331,4,'2020-03-14 19:37:44'),(420,471,3,'2020-11-06 04:15:24'),(421,79,7,'2020-03-04 21:50:54'),(422,129,5,'2020-08-07 11:43:19'),(423,354,13,'2021-02-13 08:12:36'),(424,318,10,'2021-02-10 06:02:01'),(425,95,7,'2021-02-12 01:47:57'),(426,483,13,'2020-02-09 13:27:18'),(427,208,11,'2020-02-21 11:59:36'),(428,112,10,'2020-06-08 19:52:35'),(429,14,5,'2020-03-29 14:25:15'),(430,438,5,'2020-05-20 08:43:40'),(431,293,13,'2020-04-07 23:45:25'),(432,80,1,'2020-07-10 04:14:07'),(433,327,14,'2020-07-13 00:28:03'),(434,11,14,'2020-08-15 04:28:29'),(435,263,13,'2020-06-17 22:33:30'),(436,407,3,'2020-11-14 16:54:11'),(437,224,6,'2020-05-18 15:45:10'),(438,88,3,'2020-05-28 14:28:31'),(439,156,6,'2021-01-07 19:04:17'),(440,20,8,'2020-11-12 22:41:36'),(441,170,7,'2020-01-20 13:26:12'),(442,245,6,'2020-01-31 22:25:07'),(443,222,1,'2020-01-22 12:02:36'),(444,216,13,'2020-07-27 21:42:13'),(445,165,10,'2020-03-27 19:36:03'),(446,386,13,'2020-05-24 19:48:30'),(447,40,8,'2020-10-03 20:23:31'),(448,236,1,'2021-01-05 03:01:28'),(449,347,3,'2020-02-17 05:21:43'),(450,111,10,'2020-01-10 07:43:48'),(451,386,5,'2020-09-25 21:40:57'),(452,91,12,'2020-10-18 01:13:06'),(453,44,8,'2020-03-18 18:36:57'),(454,198,2,'2020-07-17 10:18:29'),(455,78,4,'2020-09-02 18:21:24'),(456,111,3,'2020-12-01 07:18:33'),(457,398,12,'2020-03-26 04:26:36'),(458,68,13,'2021-01-21 10:57:14'),(459,487,14,'2020-03-18 13:06:31'),(460,356,8,'2020-10-21 03:33:10'),(461,331,3,'2020-08-25 17:24:09'),(462,363,9,'2020-09-06 22:21:22'),(463,24,6,'2020-10-26 05:38:38'),(464,111,11,'2020-03-11 00:40:55'),(465,131,2,'2020-06-24 05:25:42'),(466,306,15,'2020-02-19 10:44:57'),(467,114,10,'2020-10-23 18:54:58'),(468,297,13,'2020-08-30 15:36:58'),(469,430,9,'2020-03-02 14:54:45'),(470,297,4,'2020-12-16 19:06:51'),(471,87,2,'2020-12-24 16:22:23'),(472,276,10,'2020-12-19 11:11:26'),(473,169,15,'2021-01-31 03:01:17'),(474,175,15,'2021-01-26 22:02:19'),(475,431,13,'2020-10-10 10:56:26'),(476,265,10,'2020-01-17 01:10:28'),(477,5,13,'2021-02-10 02:34:57'),(478,156,12,'2020-05-17 11:08:29'),(479,248,13,'2020-04-09 07:50:41'),(480,348,5,'2021-01-27 13:51:05'),(481,124,9,'2020-08-11 01:57:43'),(482,369,9,'2020-08-08 05:26:15'),(483,490,8,'2021-01-12 14:44:10'),(484,348,4,'2020-10-12 12:20:24'),(485,392,14,'2020-05-29 00:36:57'),(486,418,10,'2020-02-26 06:25:03'),(487,314,2,'2020-01-08 16:19:17'),(488,486,11,'2020-10-16 13:05:47'),(489,412,6,'2020-01-22 16:26:08'),(490,413,4,'2020-10-01 07:20:54'),(491,416,13,'2020-02-27 10:07:55'),(492,71,1,'2020-06-16 08:47:07'),(493,108,3,'2020-01-31 06:55:05'),(494,431,8,'2020-09-30 23:27:34'),(495,95,11,'2020-03-08 12:01:13'),(496,433,11,'2020-04-05 07:32:20'),(497,462,8,'2020-02-02 10:31:04'),(498,393,11,'2020-08-21 16:31:24'),(499,443,3,'2021-01-24 03:23:17'),(500,153,14,'2020-12-16 16:27:16'),(501,629,23,'2020-12-21 23:05:09'),(502,809,19,'2020-12-19 01:02:05'),(503,539,22,'2020-10-27 03:58:46'),(504,827,25,'2021-02-19 13:41:23'),(505,869,25,'2020-12-13 10:08:24'),(506,685,22,'2020-01-12 00:31:41'),(507,686,21,'2020-01-11 07:16:18'),(508,595,24,'2020-02-18 01:58:58'),(509,822,17,'2020-07-07 21:13:15'),(510,678,25,'2020-05-04 13:29:48'),(511,625,24,'2021-01-03 12:11:52'),(512,573,25,'2020-10-21 02:05:49'),(513,843,23,'2021-02-17 16:17:41'),(514,624,23,'2020-09-14 15:33:48'),(515,895,21,'2020-02-21 10:10:11'),(516,777,22,'2020-09-02 03:53:52'),(517,586,19,'2020-10-01 06:40:12'),(518,544,19,'2020-08-11 22:22:07'),(519,828,18,'2020-04-11 19:15:34'),(520,542,25,'2020-12-10 06:36:10'),(521,955,25,'2021-01-09 10:48:34'),(522,842,21,'2020-03-11 01:09:08'),(523,954,19,'2020-05-14 00:31:54'),(524,852,25,'2020-09-18 08:34:07'),(525,735,24,'2020-03-23 20:25:08'),(526,878,25,'2020-02-15 16:20:15'),(527,658,20,'2020-02-12 03:28:14'),(528,877,22,'2020-01-19 07:06:57'),(529,737,21,'2020-03-25 02:56:37'),(530,509,18,'2020-03-11 05:21:38'),(531,688,19,'2020-11-22 17:22:12'),(532,626,16,'2020-11-01 11:35:04'),(533,760,16,'2020-07-03 15:34:00'),(534,746,24,'2021-02-22 01:01:15'),(535,562,18,'2021-01-24 11:40:56'),(536,715,18,'2020-02-28 16:32:37'),(537,754,19,'2020-07-14 08:27:29'),(538,607,16,'2020-06-27 15:10:22'),(539,778,22,'2020-10-27 11:34:24'),(540,873,24,'2021-02-13 00:49:51'),(541,592,16,'2020-01-02 02:47:59'),(542,865,19,'2021-02-17 22:45:04'),(543,634,25,'2020-11-20 06:53:24'),(544,791,17,'2021-01-14 09:13:00'),(545,660,21,'2020-06-11 14:00:07'),(546,839,16,'2021-01-02 10:09:00'),(547,560,22,'2020-07-17 09:48:39'),(548,685,16,'2020-11-08 20:28:33'),(549,991,19,'2020-09-24 09:54:11'),(550,683,16,'2020-01-02 12:34:02'),(551,853,22,'2020-12-11 14:46:46'),(552,710,24,'2020-01-20 05:12:01'),(553,595,20,'2020-07-07 05:13:21'),(554,561,22,'2021-01-17 00:44:57'),(555,549,20,'2020-01-22 23:00:51'),(556,951,18,'2020-02-15 16:40:46'),(557,529,23,'2020-03-27 16:06:59'),(558,945,25,'2020-09-19 18:50:42'),(559,698,24,'2020-04-12 00:22:33'),(560,567,19,'2020-02-14 06:29:33'),(561,870,16,'2020-11-13 07:21:07'),(562,923,24,'2020-12-17 08:37:16'),(563,711,17,'2020-07-07 09:31:13'),(564,946,21,'2020-03-21 11:23:27'),(565,783,20,'2020-11-30 05:34:07'),(566,630,24,'2020-01-21 20:19:23'),(567,849,19,'2020-11-16 17:02:15'),(568,593,20,'2020-08-22 01:42:43'),(569,649,25,'2020-05-11 09:55:16'),(570,795,21,'2020-07-28 13:33:01'),(571,956,16,'2020-03-06 03:09:38'),(572,659,19,'2020-01-31 01:35:10'),(573,680,19,'2020-02-13 07:31:56'),(574,807,18,'2021-02-07 16:12:37'),(575,993,25,'2020-04-22 08:18:29'),(576,748,23,'2021-02-16 17:38:23'),(577,980,23,'2020-10-04 02:34:10'),(578,829,20,'2020-12-02 03:23:04'),(579,921,23,'2020-11-12 07:59:08'),(580,950,19,'2021-02-20 09:51:45'),(581,523,25,'2020-09-08 02:21:08'),(582,701,18,'2020-12-12 01:19:02'),(583,903,20,'2020-03-14 10:32:26'),(584,732,21,'2020-09-05 12:32:53'),(585,641,25,'2020-06-10 11:39:35'),(586,740,18,'2020-10-26 03:52:06'),(587,685,22,'2020-01-20 20:23:40'),(588,998,24,'2020-03-17 00:29:52'),(589,694,17,'2020-02-18 18:27:37'),(590,542,18,'2020-06-04 10:00:15'),(591,882,19,'2021-01-26 23:07:02'),(592,610,25,'2020-04-17 15:42:09'),(593,927,20,'2020-01-31 02:38:31'),(594,673,23,'2020-10-03 21:37:50'),(595,648,17,'2021-02-01 16:17:25'),(596,816,16,'2020-05-30 02:52:29'),(597,725,20,'2020-10-26 08:23:52'),(598,527,17,'2020-07-20 11:30:46'),(599,859,20,'2020-02-15 15:03:42'),(600,774,20,'2020-09-06 12:59:09'),(601,668,17,'2020-08-18 13:58:15'),(602,741,20,'2020-09-10 11:16:53'),(603,688,18,'2020-02-27 20:26:09'),(604,960,17,'2020-05-11 04:59:26'),(605,936,25,'2021-02-22 04:49:13'),(606,502,21,'2021-01-10 17:51:46'),(607,721,16,'2020-02-03 08:06:29'),(608,896,24,'2020-07-07 14:10:03'),(609,845,24,'2020-12-23 02:29:32'),(610,925,21,'2020-09-22 17:14:27'),(611,734,16,'2021-01-29 04:14:06'),(612,561,25,'2020-12-11 15:39:14'),(613,709,17,'2020-09-14 02:01:59'),(614,569,18,'2020-02-04 09:25:46'),(615,965,19,'2020-08-15 20:18:31'),(616,647,24,'2020-12-17 20:39:48'),(617,866,21,'2020-08-29 02:42:40'),(618,574,17,'2020-07-23 18:19:46'),(619,876,24,'2020-01-11 19:47:54'),(620,657,17,'2020-01-18 10:19:15'),(621,625,16,'2020-03-01 07:01:23'),(622,892,23,'2020-08-13 17:39:27'),(623,604,24,'2020-09-17 03:35:17'),(624,929,18,'2020-08-26 01:33:30'),(625,842,25,'2020-10-28 01:15:00'),(626,747,16,'2020-08-25 14:46:49'),(627,933,22,'2020-05-03 17:56:07'),(628,915,19,'2020-03-19 15:24:54'),(629,754,25,'2020-10-26 18:03:14'),(630,715,20,'2020-01-21 07:08:03'),(631,568,22,'2020-01-04 20:04:07'),(632,997,23,'2020-12-15 02:14:57'),(633,987,19,'2020-01-28 10:03:01'),(634,848,20,'2020-04-14 23:21:14'),(635,688,18,'2020-05-31 02:12:31'),(636,773,18,'2020-12-28 14:22:31'),(637,800,21,'2020-07-05 02:00:31'),(638,748,23,'2020-02-28 17:16:07'),(639,972,22,'2020-08-16 22:54:14'),(640,896,22,'2020-02-26 13:40:54'),(641,869,22,'2020-04-18 00:04:15'),(642,961,17,'2020-07-11 07:38:24'),(643,573,25,'2020-10-28 08:40:34'),(644,635,24,'2020-11-17 10:35:23'),(645,766,19,'2021-01-28 15:12:34'),(646,890,19,'2020-07-23 03:41:48'),(647,748,16,'2020-10-17 06:41:47'),(648,810,16,'2020-01-31 02:09:29'),(649,609,19,'2021-02-21 23:11:14'),(650,992,22,'2020-02-14 18:43:53'),(651,542,21,'2020-10-04 21:07:33'),(652,708,18,'2020-07-15 05:12:55'),(653,815,23,'2020-07-27 21:44:07'),(654,515,24,'2020-03-23 13:32:40'),(655,928,24,'2020-05-25 19:45:34'),(656,698,19,'2020-05-20 22:45:42'),(657,524,25,'2020-08-19 22:53:47'),(658,771,22,'2020-09-13 08:17:07'),(659,732,24,'2020-12-30 00:55:46'),(660,798,23,'2020-03-24 22:53:49'),(661,656,20,'2020-03-25 06:44:52'),(662,942,16,'2020-08-08 00:17:12'),(663,979,22,'2020-10-06 02:08:12'),(664,831,18,'2020-03-29 07:54:51'),(665,877,21,'2020-07-10 01:48:33'),(666,551,20,'2020-11-10 21:29:50'),(667,527,25,'2020-02-17 08:25:00'),(668,504,16,'2020-02-26 00:04:23'),(669,886,25,'2020-03-12 20:54:06'),(670,626,20,'2020-11-07 01:57:17'),(671,835,19,'2021-02-05 05:00:34'),(672,885,21,'2020-08-03 18:22:29'),(673,980,19,'2020-02-03 06:32:15'),(674,566,16,'2020-10-29 10:08:36'),(675,710,16,'2020-04-30 20:24:33'),(676,832,18,'2021-02-23 06:52:24'),(677,632,17,'2020-03-25 15:40:38'),(678,949,24,'2020-06-05 02:56:54'),(679,661,18,'2021-02-18 09:08:48'),(680,725,16,'2020-02-19 07:00:26'),(681,602,18,'2020-12-11 14:04:26'),(682,784,18,'2020-10-02 00:24:19'),(683,642,21,'2020-11-16 02:45:28'),(684,717,21,'2020-09-01 12:46:42'),(685,830,21,'2020-10-25 23:00:04'),(686,619,24,'2020-05-31 22:26:16'),(687,902,19,'2020-01-20 21:02:14'),(688,767,24,'2020-07-24 07:59:09'),(689,931,25,'2020-10-10 07:30:42'),(690,632,24,'2020-01-18 17:57:36'),(691,822,16,'2020-05-16 15:53:43'),(692,847,22,'2020-06-10 02:42:54'),(693,885,20,'2020-03-26 05:41:20'),(694,598,20,'2021-02-04 22:58:46'),(695,866,18,'2020-03-03 19:02:16'),(696,518,22,'2020-04-14 06:58:01'),(697,909,25,'2020-04-14 21:12:56'),(698,551,22,'2020-04-05 08:34:35'),(699,626,24,'2021-01-20 15:50:04'),(700,994,21,'2020-03-21 21:37:11'),(701,510,23,'2020-04-06 09:18:20'),(702,830,16,'2020-08-03 18:04:16'),(703,891,16,'2020-07-13 02:56:22'),(704,807,16,'2020-08-07 10:51:07'),(705,786,20,'2020-03-28 00:03:17'),(706,759,20,'2020-07-17 01:17:53'),(707,933,25,'2020-02-04 07:56:30'),(708,997,21,'2020-03-21 05:48:51'),(709,897,16,'2021-01-24 01:08:47'),(710,564,21,'2021-02-09 21:10:15'),(711,843,23,'2020-02-29 16:59:53'),(712,712,25,'2020-11-19 06:57:14'),(713,507,21,'2020-10-09 22:47:39'),(714,961,20,'2020-08-08 05:33:18'),(715,877,19,'2020-03-14 13:03:26'),(716,891,17,'2020-03-25 02:17:06'),(717,839,19,'2020-04-18 18:59:56'),(718,667,19,'2020-10-06 17:14:37'),(719,692,17,'2020-09-09 02:43:51'),(720,527,21,'2020-05-14 12:23:56'),(721,505,24,'2020-06-25 19:25:11'),(722,855,21,'2020-03-07 16:16:30'),(723,684,16,'2021-02-12 05:41:25'),(724,670,23,'2020-01-24 00:15:00'),(725,885,17,'2020-02-13 05:20:55'),(726,617,17,'2020-05-07 07:11:09'),(727,622,23,'2020-05-03 14:53:17'),(728,761,25,'2020-08-27 15:55:45'),(729,566,19,'2020-08-03 17:31:07'),(730,574,25,'2020-01-30 07:42:48'),(731,604,16,'2020-06-27 04:02:19'),(732,531,19,'2020-05-19 15:51:59'),(733,720,21,'2020-05-20 14:44:53'),(734,904,20,'2020-04-01 13:58:48'),(735,718,16,'2020-08-31 18:01:14'),(736,688,25,'2020-06-16 21:47:33'),(737,931,19,'2020-10-11 02:42:52'),(738,884,18,'2020-04-06 02:27:45'),(739,614,18,'2020-01-18 16:00:04'),(740,561,16,'2020-07-25 21:19:23'),(741,648,22,'2021-02-16 01:22:01'),(742,940,20,'2021-02-06 02:31:52'),(743,866,16,'2020-08-23 10:05:42'),(744,703,19,'2021-02-09 01:06:32'),(745,613,22,'2021-01-07 03:04:32'),(746,628,22,'2020-01-06 07:51:42'),(747,603,21,'2021-01-22 09:16:30'),(748,767,21,'2021-01-03 21:53:56'),(749,863,17,'2020-04-30 19:38:55'),(750,640,19,'2020-01-21 08:32:07'),(751,920,23,'2020-06-17 23:22:28'),(752,752,21,'2020-12-08 14:07:13'),(753,782,21,'2020-12-11 13:02:40'),(754,511,18,'2020-03-13 01:54:40'),(755,907,24,'2020-08-22 03:39:46'),(756,796,25,'2020-11-17 09:15:42'),(757,518,21,'2020-08-28 17:57:29'),(758,502,23,'2020-12-18 01:10:19'),(759,797,21,'2020-05-12 12:17:17'),(760,657,16,'2020-05-31 01:06:31'),(761,726,17,'2020-08-21 18:31:39'),(762,828,19,'2021-01-19 08:07:07'),(763,765,17,'2020-07-10 22:04:52'),(764,984,24,'2020-08-21 03:48:06'),(765,831,25,'2020-01-28 06:20:22'),(766,966,20,'2021-02-11 06:19:50'),(767,518,21,'2020-04-25 06:25:33'),(768,970,21,'2021-02-08 07:22:19'),(769,684,19,'2021-02-19 20:08:46'),(770,678,18,'2021-01-04 16:25:21'),(771,991,22,'2020-04-19 08:39:18'),(772,849,17,'2020-05-07 21:31:57'),(773,949,19,'2020-07-09 12:45:26'),(774,998,22,'2020-12-10 00:26:54'),(775,660,25,'2020-04-28 21:33:25'),(776,720,23,'2020-01-11 09:18:14'),(777,574,22,'2020-02-06 14:26:41'),(778,864,21,'2020-05-02 08:47:30'),(779,766,17,'2020-03-04 16:40:59'),(780,753,20,'2020-11-17 10:36:48'),(781,593,23,'2020-06-08 06:29:31'),(782,942,17,'2020-03-03 13:37:49'),(783,551,23,'2020-10-08 03:25:07'),(784,726,16,'2021-02-26 02:12:51'),(785,809,21,'2020-12-06 09:49:52'),(786,984,21,'2020-08-10 17:40:08'),(787,583,16,'2020-07-08 17:28:27'),(788,979,21,'2020-09-10 05:10:07'),(789,689,24,'2020-10-15 03:01:58'),(790,664,22,'2020-12-25 08:46:05'),(791,968,17,'2020-03-29 14:03:24'),(792,909,16,'2020-09-22 23:36:49'),(793,687,23,'2021-02-09 08:25:01'),(794,650,18,'2020-03-27 23:10:47'),(795,871,23,'2020-12-19 14:38:50'),(796,826,22,'2020-06-09 13:44:43'),(797,512,24,'2020-08-28 17:02:42'),(798,905,16,'2020-12-19 07:53:10'),(799,790,19,'2020-11-17 23:08:19'),(800,600,23,'2020-06-04 16:35:19'),(801,718,23,'2020-01-06 16:16:50'),(802,672,20,'2020-08-15 17:34:38'),(803,881,16,'2020-07-26 05:00:58'),(804,754,18,'2020-05-30 02:47:28'),(805,708,23,'2020-06-08 11:57:56'),(806,976,22,'2020-02-06 06:41:28'),(807,946,23,'2021-01-03 20:04:20'),(808,656,20,'2020-06-25 19:46:32'),(809,503,22,'2020-10-04 20:20:11'),(810,561,21,'2020-03-19 11:37:11'),(811,957,16,'2020-02-22 04:33:55'),(812,983,23,'2020-01-24 23:03:34'),(813,604,21,'2020-02-14 19:20:46'),(814,978,25,'2021-01-13 13:37:59'),(815,932,16,'2020-06-15 14:46:48'),(816,638,22,'2020-07-13 04:55:09'),(817,910,24,'2020-08-04 14:24:38'),(818,837,19,'2020-05-22 05:28:33'),(819,641,24,'2020-07-20 01:41:51'),(820,854,23,'2020-03-18 20:49:38'),(821,935,22,'2020-06-24 14:21:21'),(822,799,21,'2020-09-25 09:12:05'),(823,696,21,'2021-01-15 14:26:09'),(824,680,24,'2020-06-20 05:40:06'),(825,742,16,'2020-02-06 02:41:48'),(826,998,24,'2020-06-24 10:13:16'),(827,507,16,'2020-08-02 22:53:55'),(828,593,24,'2021-01-22 14:03:57'),(829,670,20,'2020-07-05 17:19:32'),(830,856,19,'2021-01-16 18:11:02'),(831,988,16,'2020-04-03 09:31:07'),(832,986,21,'2021-02-19 23:31:30'),(833,995,18,'2020-04-11 07:14:47'),(834,555,25,'2020-07-11 23:58:04'),(835,817,22,'2020-11-04 15:13:47'),(836,547,21,'2020-10-13 14:35:00'),(837,596,18,'2020-09-25 21:09:53'),(838,902,20,'2020-01-16 06:00:59'),(839,848,18,'2020-09-08 16:36:22'),(840,611,16,'2020-11-11 14:22:40'),(841,682,19,'2020-12-30 14:27:48'),(842,903,16,'2021-02-14 01:27:41'),(843,799,19,'2020-04-01 21:19:19'),(844,638,19,'2020-03-18 23:54:47'),(845,501,24,'2020-06-04 19:53:56'),(846,627,25,'2020-11-13 12:57:34'),(847,761,20,'2020-03-02 05:58:29'),(848,674,18,'2020-07-05 06:35:37'),(849,812,20,'2020-05-18 00:50:03'),(850,845,24,'2020-05-24 04:53:56'),(851,830,25,'2020-04-13 18:50:12'),(852,692,20,'2021-01-19 15:58:26'),(853,992,19,'2020-09-03 07:50:27'),(854,796,22,'2020-09-17 03:08:39'),(855,903,18,'2020-07-12 00:05:11'),(856,676,25,'2020-06-17 22:45:33'),(857,878,23,'2020-05-22 04:20:41'),(858,810,19,'2020-09-16 11:44:54'),(859,674,17,'2020-10-01 13:29:57'),(860,926,18,'2020-06-28 07:29:00'),(861,772,19,'2020-04-29 17:49:48'),(862,594,19,'2021-01-25 06:34:01'),(863,856,25,'2021-02-01 04:35:42'),(864,959,21,'2021-02-19 00:42:59'),(865,516,21,'2020-02-17 15:24:23'),(866,507,17,'2020-11-04 15:15:23'),(867,941,25,'2020-09-19 16:34:11'),(868,632,21,'2020-05-04 19:02:47'),(869,880,18,'2020-10-31 16:54:51'),(870,686,19,'2020-01-17 20:38:29'),(871,520,20,'2020-11-26 08:56:03'),(872,892,20,'2020-04-11 08:25:09'),(873,892,19,'2020-03-15 15:21:57'),(874,678,23,'2020-02-26 12:41:00'),(875,625,22,'2020-05-26 05:24:33'),(876,531,20,'2020-12-11 06:24:11'),(877,796,19,'2020-05-22 21:51:36'),(878,970,16,'2020-07-31 14:06:23'),(879,962,25,'2020-05-03 14:41:37'),(880,730,20,'2020-07-04 15:54:33'),(881,686,20,'2020-07-07 23:12:09'),(882,644,20,'2020-01-08 21:53:21'),(883,759,18,'2020-02-11 16:41:08'),(884,794,20,'2020-11-30 09:43:39'),(885,868,18,'2020-09-25 01:58:05'),(886,699,17,'2020-12-05 15:30:28'),(887,930,17,'2021-02-25 22:55:49'),(888,729,17,'2020-10-26 11:27:09'),(889,617,22,'2020-09-26 06:36:10'),(890,753,20,'2020-04-12 00:19:09'),(891,781,16,'2020-01-18 08:33:33'),(892,576,18,'2020-12-16 16:28:49'),(893,724,19,'2020-01-20 04:04:08'),(894,946,22,'2020-10-01 08:19:10'),(895,504,16,'2020-03-23 21:12:14'),(896,563,23,'2020-02-21 18:35:35'),(897,511,21,'2020-03-08 09:19:41'),(898,759,23,'2020-09-04 01:34:11'),(899,584,21,'2021-02-01 07:53:06'),(900,678,23,'2020-12-15 19:32:49'),(901,533,24,'2020-05-28 05:51:05'),(902,555,24,'2020-04-05 06:54:19'),(903,892,22,'2020-09-24 09:58:13'),(904,751,24,'2021-02-08 08:00:21'),(905,992,22,'2020-02-20 04:48:37'),(906,595,21,'2020-04-09 14:02:06'),(907,581,18,'2020-10-16 12:09:31'),(908,747,20,'2020-09-09 08:00:03'),(909,716,21,'2020-11-18 17:04:43'),(910,793,22,'2021-02-21 00:31:28'),(911,872,20,'2020-05-14 21:15:18'),(912,518,16,'2020-01-25 21:40:27'),(913,532,22,'2020-01-13 02:29:56'),(914,843,19,'2020-09-04 09:49:25'),(915,680,20,'2021-02-08 18:44:28'),(916,550,22,'2020-11-21 09:48:54'),(917,903,17,'2021-01-31 05:11:24'),(918,501,25,'2020-07-05 11:04:43'),(919,622,17,'2020-08-27 23:06:52'),(920,878,23,'2020-11-02 15:49:12'),(921,903,19,'2021-01-13 16:30:17'),(922,603,20,'2020-10-15 14:03:34'),(923,845,16,'2020-10-23 09:10:31'),(924,839,25,'2020-11-06 12:31:39'),(925,840,23,'2020-04-19 04:18:45'),(926,924,24,'2020-06-08 12:58:56'),(927,843,18,'2020-10-30 16:28:11'),(928,725,23,'2020-03-09 17:55:35'),(929,883,17,'2020-03-17 00:41:10'),(930,681,17,'2020-04-06 19:27:12'),(931,751,20,'2020-12-02 23:28:47'),(932,539,17,'2020-01-26 01:27:23'),(933,577,22,'2020-09-14 20:03:00'),(934,758,17,'2020-07-09 22:15:01'),(935,611,22,'2020-12-23 02:23:22'),(936,991,17,'2021-02-22 01:46:32'),(937,814,21,'2020-01-11 06:53:09'),(938,997,19,'2020-01-12 06:25:07'),(939,670,24,'2020-09-07 07:50:35'),(940,889,17,'2020-01-27 20:10:05'),(941,605,16,'2020-05-23 02:12:16'),(942,731,17,'2020-06-30 19:46:13'),(943,815,18,'2020-10-06 21:28:12'),(944,792,18,'2021-02-19 07:32:15'),(945,579,18,'2021-01-06 14:25:20'),(946,955,24,'2021-01-14 19:03:30'),(947,712,21,'2020-09-19 17:01:04'),(948,857,18,'2021-01-22 09:21:16'),(949,607,22,'2020-07-03 07:10:06'),(950,508,20,'2021-01-23 12:32:26'),(951,877,22,'2021-02-16 23:43:00'),(952,754,16,'2020-07-06 07:07:30'),(953,837,22,'2020-01-15 19:29:36'),(954,790,23,'2020-09-09 23:04:29'),(955,752,18,'2021-01-08 15:49:46'),(956,787,18,'2020-05-01 06:46:54'),(957,572,24,'2020-01-25 08:00:13'),(958,543,17,'2020-12-07 07:20:14'),(959,731,16,'2020-04-27 15:33:58'),(960,671,24,'2020-12-14 20:27:45'),(961,601,19,'2020-02-15 10:56:56'),(962,657,18,'2020-09-04 16:04:07'),(963,552,17,'2020-07-16 03:13:32'),(964,579,21,'2020-05-14 21:54:17'),(965,504,22,'2020-11-14 22:10:42'),(966,723,20,'2021-01-20 04:36:32'),(967,774,17,'2020-10-16 19:39:07'),(968,848,18,'2020-07-09 00:50:57'),(969,953,23,'2020-04-24 01:31:40'),(970,892,16,'2020-07-21 16:13:24'),(971,798,20,'2021-01-27 08:59:20'),(972,988,18,'2020-02-10 14:17:43'),(973,826,17,'2021-02-02 16:09:30'),(974,864,21,'2020-10-04 07:39:48'),(975,763,25,'2020-05-14 13:33:55'),(976,842,20,'2020-11-02 06:34:50'),(977,919,19,'2020-05-12 08:33:23'),(978,596,21,'2020-12-19 12:35:00'),(979,520,16,'2020-09-17 08:28:14'),(980,781,17,'2020-03-02 00:48:20'),(981,817,18,'2020-03-28 17:44:01'),(982,649,20,'2020-10-30 05:38:11'),(983,619,23,'2020-04-27 22:27:50'),(984,664,23,'2020-11-12 06:37:46'),(985,715,20,'2020-01-06 04:25:12'),(986,633,25,'2020-12-11 17:41:30'),(987,824,24,'2020-05-16 11:47:11'),(988,838,21,'2020-10-01 21:57:55'),(989,845,16,'2020-05-19 13:50:29'),(990,922,20,'2020-08-09 11:05:46'),(991,514,18,'2020-10-12 06:16:04'),(992,677,24,'2021-01-01 11:23:18'),(993,709,18,'2020-01-17 14:13:59'),(994,586,22,'2020-06-24 07:08:35'),(995,826,19,'2021-02-18 09:37:17'),(996,706,21,'2020-11-18 07:49:19'),(997,884,22,'2020-12-21 13:23:24'),(998,786,22,'2020-10-22 09:34:21'),(999,746,20,'2020-03-26 11:42:03'),(1000,874,22,'2020-04-01 04:10:52');
/*!40000 ALTER TABLE `invoices` ENABLE KEYS */;
UNLOCK TABLES;

--
-- Table structure for table `product_categories`
--

DROP TABLE IF EXISTS `product_categories`;
/*!40101 SET @saved_cs_client     = @@character_set_client */;
/*!50503 SET character_set_client = utf8mb4 */;
CREATE TABLE `product_categories` (
  `category_id` int NOT NULL AUTO_INCREMENT,
  `category_name` varchar(100) NOT NULL,
  PRIMARY KEY (`category_id`),
  UNIQUE KEY `product_categories_category_id_IDX` (`category_id`) USING BTREE
) ENGINE=InnoDB AUTO_INCREMENT=16 DEFAULT CHARSET=utf8mb4 COLLATE=utf8mb4_0900_ai_ci;
/*!40101 SET character_set_client = @saved_cs_client */;

--
-- Dumping data for table `product_categories`
--

LOCK TABLES `product_categories` WRITE;
/*!40000 ALTER TABLE `product_categories` DISABLE KEYS */;
INSERT INTO `product_categories` VALUES (1,'Home'),(2,'Arms'),(3,'Books'),(4,'Industrial'),(5,'Grocery'),(6,'Computers'),(7,'Shoes'),(8,'Men Clothing'),(9,'Electronics'),(10,'Baby'),(11,'Toys'),(12,'Games'),(13,'Outdoors'),(14,'Woman Clothing'),(15,'Kids');
/*!40000 ALTER TABLE `product_categories` ENABLE KEYS */;
UNLOCK TABLES;

--
-- Table structure for table `product_items`
--

DROP TABLE IF EXISTS `product_items`;
/*!40101 SET @saved_cs_client     = @@character_set_client */;
/*!50503 SET character_set_client = utf8mb4 */;
CREATE TABLE `product_items` (
  `item_id` int NOT NULL AUTO_INCREMENT,
  `category_id` int NOT NULL,
  `product_name` varchar(100) NOT NULL,
  `product_price` float NOT NULL,
  PRIMARY KEY (`item_id`),
  UNIQUE KEY `product_items_item_id_IDX` (`item_id`) USING BTREE,
  KEY `product_items_FK` (`category_id`),
  CONSTRAINT `product_items_FK` FOREIGN KEY (`category_id`) REFERENCES `product_categories` (`category_id`) ON DELETE RESTRICT ON UPDATE RESTRICT
) ENGINE=InnoDB AUTO_INCREMENT=101 DEFAULT CHARSET=utf8mb4 COLLATE=utf8mb4_0900_ai_ci;
/*!40101 SET character_set_client = @saved_cs_client */;

--
-- Dumping data for table `product_items`
--

LOCK TABLES `product_items` WRITE;
/*!40000 ALTER TABLE `product_items` DISABLE KEYS */;
INSERT INTO `product_items` VALUES (1,2,'Molasses - Fancy',63.42),(2,10,'Wine - Cotes Du Rhone',78.69),(3,1,'Wine - Jackson Triggs Okonagan',45.57),(4,6,'Otomegusa Dashi Konbu',62.1),(5,1,'Whmis Spray Bottle Graduated',48.41),(6,3,'Wine - Penfolds Koonuga Hill',19.5),(7,11,'Scallops - Live In Shell',50.8),(8,7,'Swiss Chard - Red',27.44),(9,1,'Knife Plastic - White',27.24),(10,8,'Sardines',88.23),(11,4,'Sambuca - Opal Nera',36.8),(12,7,'Pimento - Canned',8.34),(13,4,'Muffin Batt - Blueberry Passion',47.57),(14,10,'Pepper - Pablano',71.44),(15,11,'Soup Campbells - Italian Wedding',44.98),(16,6,'Jicama',60.16),(17,8,'Sambuca - Ramazzotti',61.4),(18,6,'Wine - Red, Black Opal Shiraz',6.63),(19,8,'Wine - Red, Antinori Santa',15.76),(20,1,'Beef - Striploin',54.52),(21,8,'Squash - Pattypan, Yellow',9.56),(22,13,'Brandy Cherry - Mcguinness',32.29),(23,3,'Wine - Jackson Triggs Okonagan',1.39),(24,4,'Grapes - Red',63.57),(25,5,'Chocolate Liqueur - Godet White',96.19),(26,15,'Wine - Valpolicella Masi',12.75),(27,11,'Tequila - Sauza Silver',1.81),(28,3,'Nut - Pistachio, Shelled',47.01),(29,8,'Milk 2% 500 Ml',90.89),(30,10,'Soup - Campbells Pasta Fagioli',64.02),(31,6,'Salsify, Organic',7.05),(32,10,'Soup Campbells',43.66),(33,15,'Dasheen',46.6),(34,7,'Chip - Potato Dill Pickle',85.85),(35,14,'Wine - Zinfandel Rosenblum',88.71),(36,5,'Mint - Fresh',13.6),(37,5,'Cheese - Cheddar, Medium',53.73),(38,1,'Pasta - Cappellini, Dry',12.32),(39,10,'Lemonade - Kiwi, 591 Ml',77.36),(40,14,'Bread - Focaccia Quarter',69.91),(41,5,'Lemonade - Mandarin, 591 Ml',51.34),(42,5,'Peppercorns - Pink',6.65),(43,7,'Thermometer Digital',8.98),(44,6,'Fruit Mix - Light',29.95),(45,9,'Wine - Sauvignon Blanc',24.12),(46,4,'Wine - Red, Pelee Island Merlot',57.74),(47,10,'Vinegar - Rice',7.17),(48,5,'Nut - Pecan, Pieces',28.12),(49,7,'Piping - Bags Quizna',89.48),(50,13,'Ecolab Crystal Fusion',2.18),(51,4,'Yogurt - Blueberry, 175 Gr',89.03),(52,10,'Sprite, Diet - 355ml',7.09),(53,1,'Trueblue - Blueberry Cranberry',81.67),(54,1,'Shrimp - 16/20, Peeled Deviened',55.38),(55,3,'Amarula Cream',81.89),(56,8,'Triple Sec - Mcguinness',19.02),(57,2,'Pate - Liver',21.11),(58,12,'Kellogs All Bran Bars',26.55),(59,4,'Cheese - Cheddar, Mild',74.93),(60,9,'Graham Cracker Mix',9.66),(61,4,'Beans - Black Bean, Canned',48.75),(62,9,'Muffin Orange Individual',28.62),(63,13,'Mushroom Morel Fresh',6.59),(64,13,'Octopus',56.05),(65,1,'Nut - Macadamia',74.45),(66,15,'Cookie Dough - Double',34.24),(67,4,'Soup - Campbells, Lentil',20.71),(68,15,'Gooseberry',4.54),(69,5,'Leeks - Baby, White',91.06),(70,5,'Apricots - Halves',32.47),(71,12,'Wine - Casablanca Valley',90.31),(72,11,'Wine - Fat Bastard Merlot',69.83),(73,13,'Cucumber - Pickling Ontario',74.83),(74,2,'Jolt Cola',9.06),(75,4,'Kellogs Cereal In A Cup',23.37),(76,15,'Cabbage Roll',36.6),(77,4,'Food Colouring - Red',56.1),(78,12,'Lid - High Heat, Super Clear',87.08),(79,2,'Sausage - Andouille',26.87),(80,7,'Milk - 2% 250 Ml',78.8),(81,12,'Shrimp - Black Tiger 8 - 12',61.83),(82,9,'Wine - Chateau Aqueria Tavel',7.86),(83,6,'Spice - Onion Powder Granulated',18.01),(84,10,'Potatoes - Mini White 3 Oz',88.76),(85,14,'Appetizer - Chicken Satay',68.6),(86,7,'Tomatoes - Plum, Canned',67.91),(87,1,'Cheese Cloth No 100',95.97),(88,8,'Sobe - Green Tea',50.39),(89,8,'Chicken - Whole Fryers',22.49),(90,9,'Lemonade - Natural, 591 Ml',74.02),(91,3,'Cod - Fillets',21.9),(92,13,'Cod - Black Whole Fillet',49.48),(93,13,'Lettuce - Spring Mix',45.4),(94,9,'Lettuce - Red Leaf',78.46),(95,2,'Chilli Paste, Hot Sambal Oelek',65.05),(96,5,'Wanton Wrap',98.01),(97,3,'Wine - White, Pinot Grigio',62.73),(98,14,'Venison - Racks Frenched',92.51),(99,3,'Muffin Chocolate Individual Wrap',99.45),(100,7,'V8 Splash Strawberry Kiwi',90.87);
/*!40000 ALTER TABLE `product_items` ENABLE KEYS */;
UNLOCK TABLES;

--
-- Table structure for table `stores`
--

DROP TABLE IF EXISTS `stores`;
/*!40101 SET @saved_cs_client     = @@character_set_client */;
/*!50503 SET character_set_client = utf8mb4 */;
CREATE TABLE `stores` (
  `store_id` int NOT NULL AUTO_INCREMENT,
  `store_name` varchar(100) NOT NULL,
  `store_location_lat` varchar(100) NOT NULL,
  `store_location_long` varchar(100) DEFAULT NULL,
  PRIMARY KEY (`store_id`),
  UNIQUE KEY `stores_store_id_IDX` (`store_id`) USING BTREE
) ENGINE=InnoDB AUTO_INCREMENT=36 DEFAULT CHARSET=utf8mb4 COLLATE=utf8mb4_0900_ai_ci;
/*!40101 SET character_set_client = @saved_cs_client */;

--
-- Dumping data for table `stores`
--

LOCK TABLES `stores` WRITE;
/*!40000 ALTER TABLE `stores` DISABLE KEYS */;
INSERT INTO `stores` VALUES (1,'TRISTIQUE TORTOR Store','50.98709','14.5696066'),(2,'CONGUE Store','32.14237','61.4469'),(3,'PELLENTESQUE EGET Store','43.0007361','23.341193'),(4,'FEUGIAT NON Store','50.9872632','20.6630795'),(5,'VOLUTPAT ERAT Store','28.864642','115.643727'),(6,'AUGUE LUCTUS Store','29.060527','87.762163'),(7,'A Store','-34.6057351','-58.4882729'),(8,'IN LEO Store','22.354385','110.947043'),(9,'VESTIBULUM ANTE Store','-7.5330309','-46.035885'),(10,'NAM Store','39.7219085','22.3956933'),(11,'NULLA Store','-38.8808579','-62.080615'),(12,'ORCI LUCTUS Store','-26.3044084','-48.8463832'),(13,'VOLUTPAT QUAM Store','45.4131077','79.917079'),(14,'SAPIEN Store','14.262652','121.498915'),(15,'TORTOR DUIS Store','11.0068891','123.9185105'),(16,'SED Store','44.4528239','19.0902035'),(17,'AC CONSEQUAT Store','26.9215438','68.1195259'),(18,'SIT Store','56.2995342','44.0013228'),(19,'LIBERO Store','46.814102','130.375062'),(20,'IMPERDIET Store','52.9743779','37.0476194'),(21,'NULLA Store','10.611793','-74.269383'),(22,'VESTIBULUM ANTE Store','50.3616019','15.230454'),(23,'MAECENAS Store','-45.5712254','-72.068265'),(24,'PLATEA DICTUMST Store','-19.5547969','-44.0871994'),(25,'CURAE Store','52.5121401','13.414046'),(26,'LIBERO Store','41.76','-72.69'),(27,'ET Store','40.842356','111.749995'),(28,'DUIS BIBENDUM Store','27.8684314','-82.5270388'),(29,'MASSA TEMPOR Store','41.4221745','-8.4414281'),(30,'MAECENAS TINCIDUNT Store','28.2281301','112.9884237'),(31,'IPSUM PRIMIS Store','-8.1405443','-36.371496'),(32,'QUISQUE Store','12.6234721','-87.1273253'),(33,'ORCI LUCTUS Store','-28.2587812','-52.4160039'),(34,'PRETIUM QUIS Store','41.4486772','-8.4460594'),(35,'SOLLICITUDIN VITAE Store','17.1547981','42.6268969');
/*!40000 ALTER TABLE `stores` ENABLE KEYS */;
UNLOCK TABLES;

--
-- Dumping routines for database 'defaultdb'
--
SET @@SESSION.SQL_LOG_BIN = @MYSQLDUMP_TEMP_LOG_BIN;
/*!40103 SET TIME_ZONE=@OLD_TIME_ZONE */;

/*!40101 SET SQL_MODE=@OLD_SQL_MODE */;
/*!40014 SET FOREIGN_KEY_CHECKS=@OLD_FOREIGN_KEY_CHECKS */;
/*!40014 SET UNIQUE_CHECKS=@OLD_UNIQUE_CHECKS */;
/*!40101 SET CHARACTER_SET_CLIENT=@OLD_CHARACTER_SET_CLIENT */;
/*!40101 SET CHARACTER_SET_RESULTS=@OLD_CHARACTER_SET_RESULTS */;
/*!40101 SET COLLATION_CONNECTION=@OLD_COLLATION_CONNECTION */;
/*!40111 SET SQL_NOTES=@OLD_SQL_NOTES */;

-- Dump completed on 2021-04-17 19:18:32
